time,open,high,low,close,volume,symbol
2026-05-04 07:00:00,14.8,14.8,14.8,14.8,100,ABR
2026-05-04 07:00:00,59.8,59.8,59.0,59.0,700,ABT
2026-05-04 07:00:00,23.55,23.55,23.1,23.1,12018500,ACB
2026-05-04 07:00:00,12.2,12.6,12.2,12.6,29800,ACC
2026-05-04 07:00:00,12.95,13.2,12.9,13.15,5900,ACL
2026-05-04 07:00:00,44.0,44.2,43.7,44.0,992800,ACV
2026-05-04 07:00:00,18.4,18.4,18.4,18.4,100,ADC
2026-05-04 07:00:00,10.7,11.0,10.65,10.75,45300,AFX
2026-05-04 07:00:00,12.0,12.0,11.91,11.91,6500,AG1
2026-05-04 07:00:00,12.6,12.7,12.5,12.5,133700,AGG
2026-05-04 07:00:00,37.9,38.0,37.6,37.9,2000,AGP
2026-05-04 07:00:00,280.0,280.0,280.0,280.0,100,AGX
2026-05-04 07:00:00,7.7,7.7,7.5,7.5,15200,ALV
2026-05-04 07:00:00,28.47,29.8,28.09,28.26,41500,ANT
2026-05-04 07:00:00,23.95,24.25,23.9,23.95,218200,ANV
2026-05-04 07:00:00,48.2,48.2,48.1,48.1,10800,APF
2026-05-04 07:00:00,4.88,5.04,4.88,4.97,352100,APG
2026-05-04 07:00:00,4.2,4.3,4.2,4.2,12100,APP
2026-05-04 07:00:00,5.75,6.02,5.75,6.02,1601700,ASM
2026-05-04 07:00:00,46.2,46.2,46.0,46.0,700,AVC
2026-05-04 07:00:00,10.1,10.2,10.0,10.1,123200,AVG
2026-05-04 07:00:00,10.8,11.3,10.8,11.3,4100,BAB
2026-05-04 07:00:00,36.15,36.2,35.85,35.9,1274400,BAF
2026-05-04 07:00:00,6.8,6.8,6.8,6.8,200,BAL
2026-05-04 07:00:00,9.8,9.8,9.8,9.8,100,BBH
2026-05-04 07:00:00,12.9,12.9,12.9,12.9,100,BBS
2026-05-04 07:00:00,21.7,21.9,21.6,21.6,14800,BCA
2026-05-04 07:00:00,53.8,54.3,53.0,53.4,272700,BCM
2026-05-04 07:00:00,10.0,10.0,9.5,9.5,3500,BCP
2026-05-04 07:00:00,29.7,30.0,29.7,30.0,4900,BHN
2026-05-04 07:00:00,8.7,8.9,8.7,8.9,5800,BLI
2026-05-04 07:00:00,15.2,15.4,15.1,15.4,219700,BMS
2026-05-04 07:00:00,4.1,4.1,4.1,4.1,100,BMV
2026-05-04 07:00:00,10.9,10.9,10.9,10.9,200,BT1
2026-05-04 07:00:00,8.37,8.44,8.37,8.44,20600,BTP
2026-05-04 07:00:00,5.0,5.2,5.0,5.2,1900,BTS
2026-05-04 07:00:00,15.6,15.6,15.6,15.6,4800,BTU
2026-05-04 07:00:00,14.9,15.9,14.9,15.9,1300,BVL
2026-05-04 07:00:00,25.8,25.9,25.5,25.7,95500,BVS
2026-05-04 07:00:00,19.0,19.0,19.0,19.0,1500,CCI
2026-05-04 07:00:00,13.7,13.7,13.7,13.7,200,CCR
2026-05-04 07:00:00,30.0,30.4,30.0,30.4,8400,CDN
2026-05-04 07:00:00,13.7,13.9,13.7,13.9,300,CDP
2026-05-04 07:00:00,9.7,9.9,9.7,9.9,20800,CIA
2026-05-04 07:00:00,11.6,11.6,10.3,10.5,5400,CID
2026-05-04 07:00:00,27.0,27.0,27.0,27.0,5200,CKD
2026-05-04 07:00:00,64.45,64.45,64.45,64.45,500,CLM
2026-05-04 07:00:00,14.8,15.0,14.8,14.9,35600,CLX
2026-05-04 07:00:00,56.0,65.5,56.0,65.0,1600,CMN
2026-05-04 07:00:00,31.1,31.1,30.9,31.0,17200,CQN
2026-05-04 07:00:00,7.5,7.8,7.5,7.8,2900,CQT
2026-05-04 07:00:00,7.65,7.65,7.5,7.64,142100,CRE
2026-05-04 07:00:00,14.5,14.8,14.3,14.8,22500,CSC
2026-05-04 07:00:00,12.25,12.3,12.0,12.2,207300,CSM
2026-05-04 07:00:00,13.8,13.8,13.6,13.7,12000,CST
2026-05-04 07:00:00,26.15,26.4,26.15,26.25,185100,CSV
2026-05-04 07:00:00,35.4,35.7,35.2,35.35,8318000,CTG
2026-05-04 07:00:00,21.5,21.8,21.2,21.5,266800,CTI
2026-05-04 07:00:00,6.6,6.8,6.5,6.5,45900,CTP
2026-05-04 07:00:00,85.4,86.4,85.0,85.1,179200,CTR
2026-05-04 07:00:00,25.0,25.0,25.0,25.0,400,CTW
2026-05-04 07:00:00,5.4,5.5,5.2,5.2,30400,CTX
2026-05-04 07:00:00,25.0,26.55,24.85,26.55,1600,CVT
2026-05-04 07:00:00,34.95,35.05,34.8,34.8,46400,D2D
2026-05-04 07:00:00,22.8,22.85,22.55,22.55,1058800,DBC
2026-05-04 07:00:00,50.0,50.2,49.8,50.0,108700,DBD
2026-05-04 07:00:00,37.3,37.8,37.0,37.7,1557800,DCL
2026-05-04 07:00:00,53.7,54.8,53.3,53.4,1030600,DGC
2026-05-04 07:00:00,42.42,42.86,41.98,42.47,639600,DGW
2026-05-04 07:00:00,45.1,45.5,44.9,45.0,36000,DHA
2026-05-04 07:00:00,13.8,13.8,13.0,13.1,21900,DHB
2026-05-04 07:00:00,28.06,28.72,28.06,28.72,1500,DHD
2026-05-04 07:00:00,7.1,7.16,6.7,7.16,13100,DHM
2026-05-04 07:00:00,9.1,9.1,9.0,9.0,800,DIH
2026-05-04 07:00:00,2.78,2.85,2.73,2.73,1397900,DLG
2026-05-04 07:00:00,56.0,56.0,56.0,56.0,100,DNC
2026-05-04 07:00:00,46.0,46.0,46.0,46.0,100,DNH
2026-05-04 07:00:00,41.5,43.4,41.3,42.6,1383600,DPR
2026-05-04 07:00:00,2.38,2.4,2.33,2.34,415900,DRH
2026-05-04 07:00:00,13.9,14.6,13.9,14.4,1306400,DRI
2026-05-04 07:00:00,12.75,13.0,12.75,12.95,4700,DSC
2026-05-04 07:00:00,5.3,5.3,4.8,4.8,61000,DST
2026-05-04 07:00:00,1.9,2.0,1.9,2.0,30200,DTI
2026-05-04 07:00:00,20.6,20.7,20.5,20.5,12500,DVN
2026-05-04 07:00:00,19.0,19.0,19.0,19.0,100,DWC
2026-05-04 07:00:00,19.5,19.5,19.5,19.5,100,DWS
2026-05-04 07:00:00,3.94,3.94,3.94,3.94,100,DXV
2026-05-04 07:00:00,4.1,4.4,4.1,4.4,1400,E12
2026-05-04 07:00:00,2.2,2.3,2.1,2.3,1600,EIN
2026-05-04 07:00:00,17.3,17.7,17.25,17.5,115000,ELC
2026-05-04 07:00:00,6.79,6.88,6.69,6.71,424000,EVG
2026-05-04 07:00:00,4.6,4.7,4.5,4.6,73900,EVS
2026-05-04 07:00:00,3.19,3.24,3.15,3.2,34500,FCM
2026-05-04 07:00:00,13.35,13.5,13.15,13.2,552500,FCN
2026-05-04 07:00:00,18.0,18.0,18.0,18.0,100,FDC
2026-05-04 07:00:00,147.3,148.6,146.7,148.0,155900,FRT
2026-05-04 07:00:00,14.0,14.1,13.6,13.9,75500,GDA
2026-05-04 07:00:00,100.59,100.87,97.61,99.9,766800,GEE
2026-05-04 07:00:00,27.15,27.15,26.9,26.9,2300,GHC
2026-05-04 07:00:00,7.19,7.19,7.18,7.19,500,GMH
2026-05-04 07:00:00,21.5,21.5,21.5,21.5,100,GND
2026-05-04 07:00:00,2.0,2.1,2.0,2.0,13200,GPC
2026-05-04 07:00:00,29.8,29.9,29.8,29.9,1800,GSM
2026-05-04 07:00:00,11.1,11.25,11.1,11.2,41900,GSP
2026-05-04 07:00:00,10.0,10.0,10.0,10.0,500,HAC
2026-05-04 07:00:00,16.35,16.75,16.3,16.35,3328900,HAG
2026-05-04 07:00:00,6.84,6.95,6.77,6.95,8100,HAP
2026-05-04 07:00:00,26.0,26.0,26.0,26.0,1800,HC3
2026-05-04 07:00:00,8.0,8.0,7.99,8.0,4700,HCD
2026-05-04 07:00:00,26.6,26.75,26.45,26.5,6985200,HDB
2026-05-04 07:00:00,25.9,26.3,25.85,25.85,1170700,HDG
2026-05-04 07:00:00,15.0,15.0,15.0,15.0,200,HEP
2026-05-04 07:00:00,0.9,1.0,0.8,0.9,125600,HHG
2026-05-04 07:00:00,4.55,4.8,4.55,4.59,493100,HID
2026-05-04 07:00:00,7.3,7.8,7.3,7.7,36900,HIO
2026-05-04 07:00:00,22.0,22.0,20.0,22.0,3800,HKT
2026-05-04 07:00:00,9.7,9.7,9.7,9.7,600,HMR
2026-05-04 07:00:00,34.9,35.5,34.5,35.4,3300,HMS
2026-05-04 07:00:00,16.5,16.5,16.5,16.5,2600,HPD
2026-05-04 07:00:00,4.88,4.92,4.85,4.89,426700,HPX
2026-05-04 07:00:00,16.6,16.6,16.6,16.6,100,HSP
2026-05-04 07:00:00,15.0,15.0,14.65,14.65,210400,HT1
2026-05-04 07:00:00,43.53,43.53,43.53,43.53,100,HTC
2026-05-04 07:00:00,16.89,17.76,16.29,16.63,32400,ICG
2026-05-04 07:00:00,6.41,6.7,6.4,6.5,1068700,IDI
2026-05-04 07:00:00,23.5,23.5,23.3,23.3,23900,IDV
2026-05-04 07:00:00,10.15,10.35,10.15,10.25,1536700,IJC
2026-05-04 07:00:00,5.5,5.5,5.5,5.5,700,ILA
2026-05-04 07:00:00,6.7,6.7,6.7,6.7,100,ILC
2026-05-04 07:00:00,50.8,50.8,48.8,49.9,15400,IMP
2026-05-04 07:00:00,16.35,16.35,16.0,16.2,900,ITD
2026-05-04 07:00:00,4.18,4.25,4.18,4.22,30700,JVC
2026-05-04 07:00:00,43.9,46.0,43.0,45.95,533200,KDC
2026-05-04 07:00:00,5.7,5.7,5.5,5.5,19000,KGM
2026-05-04 07:00:00,2.75,2.77,2.72,2.74,12000,KMR
2026-05-04 07:00:00,24.7,25.1,24.3,24.4,101900,L14
2026-05-04 07:00:00,11.4,11.6,11.4,11.6,17500,LAI
2026-05-04 07:00:00,29.2,29.4,29.0,29.15,28900,LBM
2026-05-04 07:00:00,8.0,8.0,7.8,7.9,11400,LDP
2026-05-04 07:00:00,4.5,4.5,4.5,4.5,300,LG9
2026-05-04 07:00:00,95.0,95.0,94.0,94.0,2900,LHC
2026-05-04 07:00:00,33.9,34.8,33.9,34.8,3000,LSG
2026-05-04 07:00:00,36.51,36.51,36.51,36.51,200,MA1
2026-05-04 07:00:00,13.34,13.98,13.34,13.62,400,MAC
2026-05-04 07:00:00,26.15,26.4,26.05,26.1,10177100,MBB
2026-05-04 07:00:00,10.0,10.0,10.0,10.0,100,MBT
2026-05-04 07:00:00,7.3,7.48,7.3,7.48,3600,MCF
2026-05-04 07:00:00,2.7,2.7,2.6,2.6,53800,MCG
2026-05-04 07:00:00,28.2,28.8,28.2,28.5,71300,MCM
2026-05-04 07:00:00,5.3,5.3,5.3,5.3,600,MCO
2026-05-04 07:00:00,8.0,8.0,8.0,8.0,100,MEL
2026-05-04 07:00:00,11.7,11.8,11.7,11.8,600,MIC
2026-05-04 07:00:00,17.5,17.7,17.45,17.6,89500,MIG
2026-05-04 07:00:00,31.6,31.6,31.1,31.3,21700,MML
2026-05-04 07:00:00,15.9,16.2,15.7,15.9,105300,MPC
2026-05-04 07:00:00,12.55,12.65,12.5,12.55,4245100,MSB
2026-05-04 07:00:00,77.2,77.5,76.2,76.8,3381400,MSN
2026-05-04 07:00:00,11.86,12.02,11.82,11.94,2071300,NAB
2026-05-04 07:00:00,49.5,49.7,48.85,49.45,715800,NAF
2026-05-04 07:00:00,8.8,9.0,8.7,8.9,132900,NAG
2026-05-04 07:00:00,35.6,35.6,35.4,35.4,4200,ND2
2026-05-04 07:00:00,5.0,5.0,4.9,4.9,4100,NDT
2026-05-04 07:00:00,6.6,6.6,6.6,6.6,11100,NDX
2026-05-04 07:00:00,60.22,63.0,60.04,63.0,10500,NFC
2026-05-04 07:00:00,13.0,13.45,13.0,13.1,146500,NHA
2026-05-04 07:00:00,10.45,10.85,10.45,10.65,60700,NHH
2026-05-04 07:00:00,15.35,15.35,15.0,15.0,11500,NHT
2026-05-04 07:00:00,28.25,28.4,27.8,27.8,1109900,NLG
2026-05-04 07:00:00,76.4,76.5,76.0,76.5,2500,NSC
2026-05-04 07:00:00,20.65,20.7,19.1,19.1,35233300,NVL
2026-05-04 07:00:00,14.0,14.9,14.0,14.5,3721500,OIL
2026-05-04 07:00:00,11.1,11.5,10.9,11.5,3300,ONE
2026-05-04 07:00:00,26.1,26.1,26.1,26.1,100,PAP
2026-05-04 07:00:00,5.9,5.9,5.8,5.8,25700,PBC
2026-05-04 07:00:00,19.75,20.9,19.75,19.8,11502300,PC1
2026-05-04 07:00:00,22.1,22.2,22.0,22.0,75400,PCH
2026-05-04 07:00:00,10.5,10.5,10.5,10.5,200,PCT
2026-05-04 07:00:00,3.5,3.7,3.5,3.5,2300,PEG
2026-05-04 07:00:00,11.7,11.7,11.5,11.7,26200,PGB
2026-05-04 07:00:00,23.8,24.25,23.4,23.6,4200,PGD
2026-05-04 07:00:00,6.3,6.5,6.3,6.4,2000,PGT
2026-05-04 07:00:00,24.45,24.5,23.65,23.95,18700,PGV
2026-05-04 07:00:00,4.92,5.04,4.92,5.02,22000,PHC
2026-05-04 07:00:00,16.2,16.7,15.3,16.7,6300,PIC
2026-05-04 07:00:00,4.59,4.64,4.53,4.58,65200,PLP
2026-05-04 07:00:00,28.45,28.45,28.45,28.45,100,PNC
2026-05-04 07:00:00,5.5,5.5,5.5,5.5,900,PND
2026-05-04 07:00:00,15.3,15.3,15.0,15.0,38200,POS
2026-05-04 07:00:00,7.9,8.0,7.8,7.9,2500,POV
2026-05-04 07:00:00,12.9,13.3,12.85,13.3,19912100,POW
2026-05-04 07:00:00,28.0,28.3,28.0,28.0,10000,PPH
2026-05-04 07:00:00,18.9,18.9,18.8,18.8,200,PPP
2026-05-04 07:00:00,24.4,24.8,24.4,24.6,9400,PRE
2026-05-04 07:00:00,5.6,5.6,5.4,5.5,12500,PSB
2026-05-04 07:00:00,27.3,29.8,27.3,29.8,700,PTI
2026-05-04 07:00:00,2.82,2.89,2.69,2.76,54000,PTL
2026-05-04 07:00:00,11.5,11.5,11.5,11.5,500,PTM
2026-05-04 07:00:00,9.3,9.3,9.3,9.3,7500,PTS
2026-05-04 07:00:00,2.2,2.2,2.1,2.1,200400,PV2
2026-05-04 07:00:00,6.7,6.9,6.7,6.8,22500,PVO
2026-05-04 07:00:00,22.4,23.05,22.25,22.25,3551800,PVT
2026-05-04 07:00:00,5.6,5.6,5.6,5.6,100,QNC
2026-05-04 07:00:00,17.5,17.5,17.5,17.5,1500,QNW
2026-05-04 07:00:00,34.5,34.5,34.5,34.5,700,QPH
2026-05-04 07:00:00,35.0,35.0,35.0,35.0,400,QTC
2026-05-04 07:00:00,8.3,9.7,8.3,9.1,1700,RIC
2026-05-04 07:00:00,10.5,10.6,10.5,10.55,50700,RYG
2026-05-04 07:00:00,8.9,9.2,8.9,9.0,49900,S99
2026-05-04 07:00:00,12.1,12.5,12.1,12.5,1800,SAC
2026-05-04 07:00:00,6.76,6.85,6.74,6.76,40700,SAM
2026-05-04 07:00:00,36.2,36.9,36.2,36.5,21000,SAS
2026-05-04 07:00:00,14.95,16.2,14.95,14.95,4800,SAV
2026-05-04 07:00:00,28.0,28.25,27.0,28.25,19600,SBA
2026-05-04 07:00:00,16.0,16.7,16.0,16.7,106900,SBB
2026-05-04 07:00:00,6.7,6.89,6.7,6.85,800,SBV
2026-05-04 07:00:00,66.8,66.8,66.3,66.5,21200,SCG
2026-05-04 07:00:00,21.9,22.2,21.0,21.5,32400,SCL
2026-05-04 07:00:00,8.0,8.3,8.0,8.3,16300,SD3
2026-05-04 07:00:00,27.5,27.5,27.5,27.5,15000,SFI
2026-05-04 07:00:00,10.9,10.9,10.9,10.9,100,SGI
2026-05-04 07:00:00,3.7,3.8,3.6,3.8,6400,SHN
2026-05-04 07:00:00,17.1,17.3,16.9,16.9,7359200,SHS
2026-05-04 07:00:00,14.3,14.4,14.3,14.4,300,SID
2026-05-04 07:00:00,9.7,10.0,9.6,10.0,17900,SMT
2026-05-04 07:00:00,7.2,7.53,7.2,7.4,1500,SRF
2026-05-04 07:00:00,16.7,16.75,16.6,16.75,1989700,SSB
2026-05-04 07:00:00,67.6,68.1,66.2,66.2,4121200,STB
2026-05-04 07:00:00,14.4,14.4,14.4,14.4,100,STC
2026-05-04 07:00:00,36.1,36.1,36.1,36.1,1000,STG
2026-05-04 07:00:00,17.1,17.35,17.05,17.35,2900,SVC
2026-05-04 07:00:00,23.9,25.3,23.9,24.8,9000,SWC
2026-05-04 07:00:00,33.05,33.3,33.05,33.3,300,TBC
2026-05-04 07:00:00,10.4,10.6,10.4,10.6,101200,TCI
2026-05-04 07:00:00,31.7,32.1,31.6,32.1,11200,TCW
2026-05-04 07:00:00,7.0,7.1,7.0,7.1,34200,TD6
2026-05-04 07:00:00,10.95,11.0,10.9,11.0,19900,TDC
2026-05-04 07:00:00,8.7,8.7,8.7,8.7,100,TDS
2026-05-04 07:00:00,7.8,7.9,7.7,7.9,26300,TDT
2026-05-04 07:00:00,48.0,50.5,48.0,50.5,600,TDW
2026-05-04 07:00:00,49.5,49.5,49.5,49.5,10200,TFC
2026-05-04 07:00:00,7.3,7.3,7.0,7.3,31900,TH1
2026-05-04 07:00:00,44.1,44.35,43.8,43.8,37500,THG
2026-05-04 07:00:00,8.8,8.8,8.7,8.8,17900,THT
2026-05-04 07:00:00,17.5,17.5,17.0,17.0,300,THW
2026-05-04 07:00:00,16.2,16.2,14.6,14.6,21600,TJC
2026-05-04 07:00:00,56.9,56.9,56.5,56.7,1700,TMB
2026-05-04 07:00:00,13.1,13.1,12.5,12.5,26900,TMT
2026-05-04 07:00:00,10.25,10.4,9.97,10.35,27200,TNT
2026-05-04 07:00:00,16.9,16.9,16.0,16.0,4100,TNV
2026-05-04 07:00:00,12.7,12.7,12.7,12.7,1500,TNW
2026-05-04 07:00:00,16.25,16.45,16.25,16.3,6862500,TPB
2026-05-04 07:00:00,74.0,75.8,73.8,75.8,49100,TRC
2026-05-04 07:00:00,31.0,31.0,31.0,31.0,300,TRS
2026-05-04 07:00:00,13.1,13.6,13.0,13.2,5100,TRV
2026-05-04 07:00:00,5.8,5.8,5.8,5.8,4700,TS3
2026-05-04 07:00:00,5.3,5.6,5.2,5.5,26600,TT6
2026-05-04 07:00:00,9.45,9.45,9.45,9.45,100,TTC
2026-05-04 07:00:00,2.65,2.68,2.64,2.65,286800,TTF
2026-05-04 07:00:00,15.4,15.4,15.1,15.1,28900,TTN
2026-05-04 07:00:00,27.3,27.9,26.9,27.1,62200,TV1
2026-05-04 07:00:00,8.5,8.6,8.4,8.6,389400,TVN
2026-05-04 07:00:00,4.3,4.4,4.3,4.4,1100,TXM
2026-05-04 07:00:00,3.3,3.4,3.1,3.1,43100,UDC
2026-05-04 07:00:00,65.0,65.0,65.0,65.0,100,UIC
2026-05-04 07:00:00,4.7,4.7,4.7,4.7,100,UPH
2026-05-04 07:00:00,13.4,14.2,13.4,13.7,316000,VBB
2026-05-04 07:00:00,14.0,14.0,14.0,14.0,58100,VBT
2026-05-04 07:00:00,23.0,23.0,23.0,23.0,100,VC6
2026-05-04 07:00:00,6.8,6.8,6.8,6.8,300,VCA
2026-05-04 07:00:00,10.3,10.3,10.3,10.3,700,VCC
2026-05-04 07:00:00,22.35,23.25,22.25,22.8,13003100,VCG
2026-05-04 07:00:00,26.3,26.7,26.15,26.15,6414400,VCI
2026-05-04 07:00:00,34.55,34.8,34.15,34.15,1939500,VCK
2026-05-04 07:00:00,23.4,24.1,23.4,24.0,8500,VCP
2026-05-04 07:00:00,14.45,14.6,14.15,14.4,419500,VDS
2026-05-04 07:00:00,4.0,4.0,4.0,4.0,700,VE9
2026-05-04 07:00:00,98.0,98.0,96.0,96.2,8700,VEF
2026-05-04 07:00:00,15.6,15.6,15.6,15.6,100,VET
2026-05-04 07:00:00,50.5,51.0,50.0,50.2,8900,VFG
2026-05-04 07:00:00,52.0,52.0,42.5,42.5,900,VGV
2026-05-04 07:00:00,61.2,62.8,61.2,61.7,1678300,VHC
2026-05-04 07:00:00,10.5,10.5,10.5,10.5,100,VHL
2026-05-04 07:00:00,148.5,149.0,141.7,142.0,5533800,VHM
2026-05-04 07:00:00,15.7,15.8,15.7,15.8,12200,VIF
2026-05-04 07:00:00,4.6,4.6,4.4,4.6,55100,VIG
2026-05-04 07:00:00,178.5,180.0,176.2,179.9,1174600,VJC
2026-05-04 07:00:00,46.0,46.0,45.9,46.0,1800,VLB
2026-05-04 07:00:00,13.5,13.7,13.4,13.4,72000,VLC
2026-05-04 07:00:00,17.0,17.0,15.9,15.9,5800,VLS
2026-05-04 07:00:00,14.95,14.95,14.95,14.95,400,VMD
2026-05-04 07:00:00,6.66,6.8,6.65,6.8,2500,VNG
2026-05-04 07:00:00,7.0,7.0,6.3,6.3,2200,VNI
2026-05-04 07:00:00,19.05,19.05,18.2,19.05,9300,VNL
2026-05-04 07:00:00,19.2,19.2,18.8,18.9,63500,VNP
2026-05-04 07:00:00,20.6,20.8,20.6,20.8,16000,VNR
2026-05-04 07:00:00,12.6,12.7,12.5,12.55,598800,VOS
2026-05-04 07:00:00,3.51,3.54,3.47,3.48,209900,VPG
2026-05-04 07:00:00,3.53,3.53,3.43,3.47,84300,VPH
2026-05-04 07:00:00,27.7,27.7,27.2,27.3,927800,VPX
2026-05-04 07:00:00,32.7,33.8,32.55,33.7,10352200,VRE
2026-05-04 07:00:00,17.1,17.1,16.9,17.1,3500,VRG
2026-05-04 07:00:00,26.0,26.2,26.0,26.0,14500,VSF
2026-05-04 07:00:00,42.5,42.95,42.5,42.95,1100,VSH
2026-05-04 07:00:00,27.3,27.3,27.3,27.3,500,VSI
2026-05-04 07:00:00,6.0,6.2,5.9,6.1,166100,VTD
2026-05-04 07:00:00,112.4,116.4,110.9,114.8,76400,VVS
2026-05-04 07:00:00,11.8,11.8,11.8,11.8,5000,X20
