symbol,company_name,sector,listed_date
ABR,Công ty Cổ phần Đầu tư Nhãn Hiệu Việt,Industrial Goods & Services,2018-06-12T00:00:00
ABT,Công ty Cổ phần Xuất nhập khẩu Thủy sản Bến Tre,Food & Beverage,2006-12-25T00:00:00
ACB,Ngân hàng Thương mại Cổ phần Á Châu,Banks,2006-11-21T00:00:00
ACC,Công ty Cổ phần Đầu tư và Xây dựng Bình Dương ACC,Construction & Materials,2011-06-30T00:00:00
ACL,Công ty Cổ phần Xuất nhập khẩu Thủy sản Cửu Long An Giang,Food & Beverage,2007-09-05T00:00:00
ACM,Công ty Cổ phần Tập đoàn Khoáng sản Á Cường,Basic Resources,2015-07-23T00:00:00
ACV,Tổng Công ty Cảng Hàng không Việt Nam - CTCP,Industrial Goods & Services,2016-11-21T00:00:00
ADC,Công ty Cổ phần Mĩ thuật và Truyền thông,Media,2010-12-24T00:00:00
AFX,Công ty Cổ phần Xuất Nhập khẩu Nông sản Thực phẩm An Giang,Retail,2016-12-02T00:00:00
AG1,Công ty Cổ phần 28.1,Personal & Household Goods,2018-01-10T00:00:00
AGG,Công ty Cổ phần Đầu tư và Phát triển Bất động sản An Gia,Real Estate,2020-01-09T00:00:00
AGP,Công ty Cổ phần Dược phẩm AGIMEXPHARM,Health Care,2015-10-06T00:00:00
AGX,Công ty Cổ phần Thực phẩm Nông sản Xuất khẩu Sài Gòn,Retail,2015-09-14T00:00:00
ALV,Công ty Cổ phần Tập đoàn MCST,Construction & Materials,2010-09-17T00:00:00
ANT,Công ty Cổ phần Rau quả Thực phẩm An Giang,Food & Beverage,2016-12-22T00:00:00
ANV,Công ty Cổ phần Nam Việt,Food & Beverage,2007-12-07T00:00:00
APF,Công ty Cổ phần Nông sản Thực phẩm Quảng Ngãi,Food & Beverage,2017-06-08T00:00:00
APG,Công ty Cổ phần Chứng khoán APG,Financial Services,2016-11-30T00:00:00
APP,Công ty Cổ phần Phát triển Phụ gia và Sản phẩm dầu mỏ,Chemicals,2010-10-05T00:00:00
ARM,Công ty Cổ phần Xuất nhập khẩu Hàng không,Industrial Goods & Services,2010-10-26T00:00:00
ASM,Công ty Cổ phần Tập đoàn Sao Mai,Food & Beverage,2010-01-18T00:00:00
ATS,Công ty Cổ phần Tập đoàn Đầu tư ATS,Travel & Leisure,2016-03-29T00:00:00
AVC,Công ty Cổ phần Thủy điện A Vương,Utilities,2018-01-08T00:00:00
AVG,Công ty Cổ phần Phân Bón Quốc Tế Âu Việt,Chemicals,2024-08-09T00:00:00
BAB,Ngân hàng Thương mại Cổ phần Bắc Á,Banks,2017-12-28T00:00:00
BAF,Công ty Cổ phần Nông nghiệp BAF Việt Nam,Food & Beverage,2021-12-03T00:00:00
BAL,Công ty Cổ phần Bao bì Bia - Rượu - Nước giải khát,Industrial Goods & Services,2018-01-12T00:00:00
BBH,Công ty Cổ phần Bao bì Hoàng Thạch,Industrial Goods & Services,2020-05-14T00:00:00
BBS,Công ty Cổ phần VICEM Bao bì Bút Sơn,Industrial Goods & Services,2005-12-28T00:00:00
BCA,Công ty cổ phần B.C.H,Basic Resources,2021-09-08T00:00:00
BCM,Tập đoàn Đầu tư và Phát triển Công nghiệp Becamex - CTCP,Real Estate,2018-02-21T00:00:00
BCP,Công ty Cổ phần Dược Enlie,Health Care,2015-09-14T00:00:00
BDW,Công ty Cổ phần Cấp thoát nước Bình Định,Utilities,2015-10-14T00:00:00
BHA,Công ty Cổ phần Thủy điện Bắc Hà,Utilities,2017-08-02T00:00:00
BHC,Công ty Cổ phần Bê tông Biên Hòa,Construction & Materials,2009-05-15T00:00:00
BHG,Công ty Cổ phần Chè Biển Hồ,Food & Beverage,2018-10-30T00:00:00
BHN,Tổng Công ty Cổ phần Bia - Rượu - Nước giải khát Hà Nội,Food & Beverage,2016-10-28T00:00:00
BHP,Công ty Cổ phần Bia Hà Nội - Hải Phòng,Food & Beverage,2013-01-21T00:00:00
BLI,Tổng Công ty Cổ phần Bảo hiểm Bảo Long,Insurance,2015-12-11T00:00:00
BLN,Công ty Cổ phần Vận tải và Dịch vụ Liên Ninh,Travel & Leisure,2016-09-09T00:00:00
BLT,Công ty Cổ phần Lương thực Bình Định,Food & Beverage,2017-07-10T00:00:00
BMG,Công ty Cổ phần May Bình Minh,Personal & Household Goods,2018-12-25T00:00:00
BMJ,Công ty Cổ phần Khoáng sản Miền Đông AHP,Basic Resources,2009-12-22T00:00:00
BMS,Công ty Cổ phần Chứng khoán Bảo Minh,Financial Services,2018-08-08T00:00:00
BMV,Công ty Cổ phần Bột mỳ Vinafood 1,Food & Beverage,2017-06-06T00:00:00
BNW,Công ty Cổ phần Nước sạch Bắc Ninh,Utilities,2018-12-28T00:00:00
BT1,Công ty Cổ phần Bảo vệ thực vật 1 Trung ương,Chemicals,2016-11-09T00:00:00
BTN,Công ty Cổ phần Đầu tư Bitco Bình Định,Construction & Materials,2018-01-05T00:00:00
BTP,Công ty Cổ phần Nhiệt điện Bà Rịa,Utilities,2009-11-25T00:00:00
BTS,Công ty Cổ phần Xi măng VICEM Bút Sơn,Construction & Materials,2006-12-05T00:00:00
BTU,Công ty Cổ phần Công trình Đô thị Bến Tre,Industrial Goods & Services,2016-03-11T00:00:00
BVL,Công ty Cổ phần BV Land,Real Estate,2021-06-11T00:00:00
BVS,Công ty Cổ phần Chứng khoán Bảo Việt,Financial Services,2006-12-18T00:00:00
BWA,Công ty Cổ phần Cấp thoát nước và Xây dựng Bảo Lộc,Utilities,2010-06-14T00:00:00
C21,Công ty Cổ phần Thế kỷ 21,Real Estate,2016-11-01T00:00:00
C22,Công ty Cổ phần 22,Food & Beverage,2018-05-24T00:00:00
CCI,Công ty Cổ phần Đầu tư Phát triển Công nghiệp Thương mại Củ Chi,Utilities,2010-04-15T00:00:00
CCR,Công ty Cổ phần Cảng Cam Ranh,Industrial Goods & Services,2015-09-24T00:00:00
CCT,Công ty Cổ phần Cảng Cần Thơ,Industrial Goods & Services,2017-06-30T00:00:00
CCV,Công ty Cổ phần Tư vấn Xây dựng Công nghiệp và Đô thị Việt Nam,Construction & Materials,2017-01-09T00:00:00
CDN,Công ty Cổ phần Cảng Đà Nẵng,Industrial Goods & Services,2016-11-30T00:00:00
CDO,Công ty Cổ phần Tư vấn Thiết kế và Phát triển Đô thị,Construction & Materials,2015-03-09T00:00:00
CDP,Công ty Cổ phần Dược phẩm Trung ương Codupha,Health Care,2018-07-13T00:00:00
CIA,Công ty Cổ Phần Dịch Vụ Sân Bay Quốc Tế Cam Ranh,Industrial Goods & Services,2017-11-29T00:00:00
CID,Công ty Cổ phần Xây dựng và Phát triển Cơ sở Hạ tầng,Construction & Materials,2005-07-14T00:00:00
CK8,Công ty Cổ phần Cơ khí 120,Real Estate,2023-01-06T00:00:00
CKD,Công ty Cổ phần Cơ khí Đông Anh Licogi,Industrial Goods & Services,2015-05-21T00:00:00
CLI,Công ty Cổ phần Tập đoàn CNCTech,Basic Resources,2026-05-06T00:00:00
CLM,Công ty Cổ phần Xuất nhập khẩu Than - Vinacomin,Basic Resources,2016-04-15T00:00:00
CLX,Công ty Cổ phần Xuất nhập khẩu và Đầu tư Chợ Lớn (CHOLIMEX),Food & Beverage,2017-03-01T00:00:00
CMM,Công ty Cổ phần Camimex,Food & Beverage,2022-11-08T00:00:00
CMN,Công ty Cổ phần Lương thực Thực phẩm Colusa - Miliket,Food & Beverage,2017-07-10T00:00:00
CMP,Công ty Cổ phần Cảng Chân Mây,Industrial Goods & Services,2016-02-15T00:00:00
CQN,Công ty Cổ phần Cảng Quảng Ninh,Industrial Goods & Services,2020-08-18T00:00:00
CQT,Công ty Cổ phần Xi măng Quán Triều VVMI,Construction & Materials,2016-11-01T00:00:00
CRE,Công ty Cổ phần Bất động sản Thế Kỷ,Real Estate,2018-09-05T00:00:00
CRV,Công ty Cổ phần Tập đoàn Bất động sản CRV,Real Estate,2025-10-10T00:00:00
CSC,Công ty Cổ phần Tập đoàn COTANA,Construction & Materials,2009-11-04T00:00:00
CSM,Công ty Cổ phần Công nghiệp Cao su Miền Nam,Automobiles & Parts,2009-08-11T00:00:00
CST,Công ty Cổ phần Than Cao Sơn - TKV,Basic Resources,2021-04-26T00:00:00
CSV,Công ty Cổ phần Hóa chất Cơ bản miền Nam,Chemicals,2015-03-18T00:00:00
CT3,Công ty Cổ phần Đầu tư và Xây dựng công trình 3,Construction & Materials,2009-11-20T00:00:00
CTB,Công ty Cổ phần Chế tạo Bơm Hải Dương,Industrial Goods & Services,2006-10-10T00:00:00
CTG,Ngân hàng Thương mại Cổ phần Công thương Việt Nam,Banks,2009-07-16T00:00:00
CTI,Công ty Cổ phần Đầu tư Phát triển Cường Thuận IDICO,Construction & Materials,2010-03-19T00:00:00
CTP,Công ty Cổ phần Tập đoàn CTP Group,Food & Beverage,2016-07-28T00:00:00
CTR,Tổng Công ty Cổ phần Công trình Viettel,Construction & Materials,2017-10-31T00:00:00
CTW,Công ty Cổ phần Cấp thoát nước Cần Thơ,Utilities,2016-09-30T00:00:00
CTX,Tổng Công ty Cổ phần Đầu tư Xây dựng và Thương mại Việt Nam,Construction & Materials,2012-05-24T00:00:00
CVT,Công ty Cổ phần CMC,Construction & Materials,2009-11-05T00:00:00
CX8,Công ty Cổ phần Đầu tư và Xây lắp Constrexim số 8,Construction & Materials,2010-05-19T00:00:00
CYC,Công ty Cổ phần Gạch men Chang Yih,Construction & Materials,2006-07-31T00:00:00
D2D,Công ty Cổ phần Phát triển Đô thị Công nghiệp số 2,Real Estate,2009-08-14T00:00:00
DAG,Công ty Cổ phần Tập đoàn Nhựa Đông Á,Chemicals,2010-04-08T00:00:00
DAS,Công ty Cổ phần Máy - Thiết bị Dầu khí Đà Nẵng,Automobiles & Parts,2014-09-25T00:00:00
DAT,Công ty Cổ phần Đầu tư Du lịch và Phát triển Thủy sản,Food & Beverage,2015-11-05T00:00:00
DBC,Công ty Cổ phần Tập đoàn Dabaco Việt Nam,Food & Beverage,2008-03-18T00:00:00
DBD,Công ty Cổ phần Dược - Trang thiết bị y tế Bình Định (BIDIPHAR),Health Care,2017-01-16T00:00:00
DC1,Công ty Cổ phần Đầu tư Phát triển Xây dựng số 1,Construction & Materials,2016-07-19T00:00:00
DCL,Công ty Cổ phần Dược phẩm Cửu Long,Health Care,2008-09-17T00:00:00
DGC,Công ty Cổ phần Tập đoàn Hóa chất Đức Giang,Chemicals,2014-08-26T00:00:00
DGW,Công ty Cổ phần Thế Giới Số,Retail,2015-08-03T00:00:00
DHA,Công ty Cổ phần Hóa An,Construction & Materials,2004-04-14T00:00:00
DHB,Công ty Cổ phần Phân đạm và Hóa chất Hà Bắc,Chemicals,2017-07-26T00:00:00
DHD,Công ty Cổ phần Dược Vật Tư Y Tế Hải Dương,Health Care,2017-05-05T00:00:00
DHM,Công ty Cổ phần Đầu tư và Thương mại DHM,Basic Resources,2012-07-24T00:00:00
DIH,Công ty Cổ phần Đầu tư Phát triển Xây dựng - Hội An,Construction & Materials,2011-04-27T00:00:00
DLG,Công ty Cổ phần Tập đoàn Đức Long Gia Lai,Construction & Materials,2010-06-22T00:00:00
DLT,Công ty Cổ phần Du lịch và Thương mại - Vinacomin,Travel & Leisure,2015-11-16T00:00:00
DNC,Công ty Cổ phần Điện nước Lắp máy Hải Phòng,Utilities,2009-12-23T00:00:00
DNH,Công ty Cổ phần Thủy điện Đa Nhim - Hàm Thuận - Đa Mi,Utilities,2017-06-19T00:00:00
DNN,Công ty Cổ phần Cấp nước Đà Nẵng,Utilities,2017-07-17T00:00:00
DPC,Công ty Cổ phần Nhựa Đà Nẵng,Industrial Goods & Services,2001-11-26T00:00:00
DPR,Công ty Cổ phần Cao su Đồng Phú,Chemicals,2007-11-30T00:00:00
DRH,Công ty Cổ phần DRH Holdings,Real Estate,2010-07-26T00:00:00
DRI,Công ty Cổ phần Đầu tư Cao su Đắk Lắk,Chemicals,2017-05-23T00:00:00
DSC,Công ty Cổ phần Chứng khoán DSC,Financial Services,2018-01-05T00:00:00
DSG,Công ty Cổ phần Kính Đáp Cầu,Construction & Materials,2017-08-11T00:00:00
DST,Công ty Cổ phần Đầu tư Sao Thăng Long,Media,2007-10-16T00:00:00
DTI,Công ty Cổ phần Đầu tư Đức Trung,Travel & Leisure,2018-01-05T00:00:00
DTL,Công ty Cổ phần Đại Thiên Lộc,Basic Resources,2010-06-04T00:00:00
DUS,Công ty Cổ phần Dịch vụ Đô thị Đà Lạt,Industrial Goods & Services,2020-01-08T00:00:00
DVG,Công ty Cổ phần Đại Việt Group DVG,Construction & Materials,2021-01-14T00:00:00
DVN,Tổng Công ty Dược Việt Nam - CTCP,Health Care,2017-05-19T00:00:00
DWC,Công ty Cổ phần Cấp nước Đắk Lắk,Utilities,2021-12-22T00:00:00
DWS,Công ty Cổ phần Cấp nước và Môi trường Đô thị Đồng Tháp,Utilities,2019-01-24T00:00:00
DXV,Công ty Cổ phần VICEM Vật liệu Xây dựng Đà Nẵng,Construction & Materials,2008-02-26T00:00:00
E12,Công ty Cổ phần Xây Dựng Điện VNECO 12,Construction & Materials,2019-12-31T00:00:00
EBS,Công ty Cổ phần Sách Giáo dục tại Thành phố Hà Nội,Media,2006-12-21T00:00:00
EIN,Công ty Cổ phần Đầu tư - Thương Mại - Dịch vụ Điện lực,Travel & Leisure,2017-03-16T00:00:00
ELC,Công ty Cổ phần Công nghệ - Viễn thông ELCOM,Technology,2010-10-13T00:00:00
EMG,Công ty Cổ phần Thiết bị Phụ tùng Cơ điện,Industrial Goods & Services,2017-02-16T00:00:00
EVG,Công ty Cổ phần Tập đoàn Everland,Construction & Materials,2017-06-08T00:00:00
EVS,Công ty Cổ phần Chứng khoán EVS,Financial Services,2018-08-01T00:00:00
FCM,Công ty Cổ phần Bê tông Phan Vũ Hà Nam,Construction & Materials,2013-05-15T00:00:00
FCN,Công ty Cổ phần FECON,Construction & Materials,2012-07-24T00:00:00
FDC,Công ty Cổ phần Ngoại thương và Phát triển Đầu tư Thành phố Hồ Chí Minh,Real Estate,2010-01-18T00:00:00
FGL,Công ty Cổ phần Cà phê Gia Lai,Food & Beverage,2018-09-14T00:00:00
FRT,Công ty Cổ phần Bán lẻ Kỹ thuật số FPT,Retail,2018-04-26T00:00:00
FTM,Công ty Cổ phần Đầu tư và Phát triển Đức Quân,Personal & Household Goods,2017-02-06T00:00:00
G20,Công ty Cổ phần Đầu tư Dệt may Vĩnh Phúc,Personal & Household Goods,2015-03-09T00:00:00
GDA,Công ty Cổ phần Tôn Đông Á,Basic Resources,2023-09-07T00:00:00
GEE,Công ty Cổ phần Điện lực Gelex,Industrial Goods & Services,2022-03-08T00:00:00
GH3,Công ty Cổ phần Công trình giao thông Hà Nội,Construction & Materials,2021-08-04T00:00:00
GHC,Công ty Cổ phần Thủy điện Gia Lai,Utilities,2011-04-26T00:00:00
GMA,Công ty Cổ phần G-Automobile,Automobiles & Parts,2020-12-01T00:00:00
GMC,Công ty Cổ phần Garmex Sài Gòn,Personal & Household Goods,2006-12-22T00:00:00
GMH,Công ty Cổ phần Minh Hưng Quảng Trị,Construction & Materials,2022-01-12T00:00:00
GND,Công ty Cổ phần Gạch ngói Đồng Nai,Construction & Materials,2017-02-21T00:00:00
GPC,Công ty Cổ phần Tập đoàn Green+,Health Care,2023-01-06T00:00:00
GSM,Công ty Cổ phần Thủy điện Hương Sơn,Utilities,2015-04-08T00:00:00
GSP,Công ty Cổ phần Vận tải Sản phẩm Khí Quốc tế,Industrial Goods & Services,2012-03-09T00:00:00
GTT,Công ty Cổ phần Thuận Thảo,Travel & Leisure,2010-06-30T00:00:00
HAC,Công ty Cổ phần Chứng khoán Hải Phòng,Financial Services,2016-10-18T00:00:00
HAG,Công ty Cổ phần Hoàng Anh Gia Lai,Food & Beverage,2008-12-22T00:00:00
HAM,Công ty Cổ phần Vật tư Hậu Giang,Construction & Materials,2017-08-21T00:00:00
HAP,Công ty Cổ phần Tập Đoàn Hapaco,Basic Resources,2000-08-04T00:00:00
HAS,Công ty Cổ phần Hacisco,Construction & Materials,2002-12-19T00:00:00
HAV,Công ty Cổ phần Rượu Hapro,Food & Beverage,2017-11-30T00:00:00
HBH,Công ty Cổ phần HABECO - Hải Phòng,Food & Beverage,2017-08-10T00:00:00
HBS,Công ty Cổ phần Chứng khoán Hòa Bình,Financial Services,2010-07-16T00:00:00
HC3,Công ty Cổ phần Xây dựng số 3 Hải Phòng,Construction & Materials,2017-07-11T00:00:00
HCD,Công ty Cổ phần Đầu tư Sản xuất và Thương mại HCD,Chemicals,2016-07-04T00:00:00
HDB,Ngân hàng Thương mại Cổ phần Phát Triển Thành phố Hồ Chí Minh,Banks,2018-01-05T00:00:00
HDG,Công ty Cổ phần Tập đoàn Hà Đô,Real Estate,2010-02-02T00:00:00
HEJ,Tổng Công ty Tư vấn Xây dựng Thủy Lợi Việt Nam - CTCP,Construction & Materials,2017-07-14T00:00:00
HEP,Công ty Cổ phần Môi trường và Công trình đô thị Huế,Industrial Goods & Services,2017-12-15T00:00:00
HEV,Công ty Cổ phần Sách Đại học - Dạy nghề,Media,2007-12-11T00:00:00
HGT,Công ty Cổ phần Du lịch Hương Giang,Travel & Leisure,2020-10-15T00:00:00
HHG,Công ty Cổ phần Hoàng Hà,Travel & Leisure,2010-07-28T00:00:00
HHN,Công ty Cổ phần Vận tải và Dịch vụ Hàng hóa Hà Nội,Industrial Goods & Services,2016-12-16T00:00:00
HID,Công ty Cổ phần Halcom Vietnam,Construction & Materials,2016-07-11T00:00:00
HIO,Công ty Cổ Phần Helio Energy,Utilities,2023-10-23T00:00:00
HKT,Công ty Cổ phần Đầu tư QP Xanh,Food & Beverage,2017-01-12T00:00:00
HLO,Công Ty Cổ Phần Công Nghệ Ha Lô,Industrial Goods & Services,2024-06-24T00:00:00
HLS,Công ty Cổ phần Sứ kỹ thuật Hoàng Liên Sơn,Industrial Goods & Services,2017-10-16T00:00:00
HLT,Công ty Cổ phần Dệt may Hoàng Thị Loan,Personal & Household Goods,2019-12-27T00:00:00
HMR,Công ty Cổ phần Đá Hoàng Mai,Construction & Materials,2022-01-13T00:00:00
HMS,Công ty Cổ phần Xây dựng Bảo tàng Hồ Chí Minh,Construction & Materials,2017-06-05T00:00:00
HOT,Công ty Cổ phần Du lịch - Dịch vụ Hội An,Travel & Leisure,2011-07-21T00:00:00
HPD,Công ty Cổ phần Thủy điện Đăk Đoa,Utilities,2015-06-11T00:00:00
HPH,Công ty Cổ phần Hóa Chất Hưng Phát Hà Bắc,Chemicals,2017-12-28T00:00:00
HPM,Công ty Cổ phần Xây dựng Thương mại và Khoáng sản Hoàng Phúc,Basic Resources,2016-01-18T00:00:00
HPO,Công ty Cổ phần Công nghiệp Hapulico,Industrial Goods & Services,2025-10-22T00:00:00
HPX,Công ty Cổ phần Đầu tư Hải Phát,Real Estate,2018-07-24T00:00:00
HSP,Công ty Cổ phần Sơn Tổng hợp Hà Nội,Construction & Materials,2020-03-30T00:00:00
HT1,Công ty Cổ phần Xi măng VICEM Hà Tiên,Construction & Materials,2007-11-13T00:00:00
HTC,Công ty Cổ phần Thương mại Hóc Môn,Utilities,2010-05-07T00:00:00
HTT,Công ty Cổ phần Thương mại Hà Tây,Retail,2017-07-05T00:00:00
HU3,Công ty Cổ phần Đầu tư và Xây dựng HUD3,Construction & Materials,2011-03-18T00:00:00
ICG,Công ty Cổ phần Xây dựng Sông Hồng,Construction & Materials,2009-04-21T00:00:00
IDI,Công ty Cổ phần Đầu tư và Phát triển Đa Quốc Gia I.D.I,Food & Beverage,2011-06-30T00:00:00
IDV,Công ty Cổ phần Phát triển Hạ tầng Vĩnh Phúc,Real Estate,2010-06-01T00:00:00
IHK,Công ty Cổ phần In Hàng Không,Media,2010-03-04T00:00:00
IJC,Công ty Cổ phần Phát triển Hạ tầng Kỹ thuật,Real Estate,2010-04-19T00:00:00
ILA,Công ty Cổ phần ILA,Construction & Materials,2017-11-28T00:00:00
ILC,Công ty Cổ phần Hợp tác lao động với nước ngoài,Industrial Goods & Services,2018-08-10T00:00:00
IME,Công ty Cổ phần Cơ khí và Xây lắp Công nghiệp,Industrial Goods & Services,2009-12-01T00:00:00
IMP,Công ty Cổ phần Dược phẩm Imexpharm,Health Care,2006-12-04T00:00:00
ITD,Công ty Cổ phần Công nghệ ITD,Technology,2011-12-20T00:00:00
JOS,Công ty Cổ phần Chế biến Thủy sản Xuất khẩu Minh Hải,Food & Beverage,2017-07-28T00:00:00
JVC,Công ty Cổ phần Đầu tư Y tế - Dược phẩm Việt Nam,Health Care,2011-06-21T00:00:00
KDC,Công ty Cổ phần Tập đoàn KIDO,Food & Beverage,2005-12-12T00:00:00
KGM,Công ty Cổ phần Xuất nhập khẩu Kiên Giang,Retail,2017-09-21T00:00:00
KHX,Công ty Cổ phần Phát hành sách Khánh Hoà,Media,2026-01-15T00:00:00
KMR,Công ty Cổ phần Mirae,Personal & Household Goods,2008-06-30T00:00:00
KSQ,Công ty Cổ phần CNC Capital Việt Nam,Construction & Materials,2013-07-26T00:00:00
KST,Công ty Cổ phần KASATI,Technology,2010-12-29T00:00:00
KTT,Công ty Cổ phần Tập đoàn Đầu tư KTT,Construction & Materials,2010-10-28T00:00:00
L14,Công ty Cổ phần Licogi 14,Construction & Materials,2011-09-13T00:00:00
L61,Công ty Cổ phần Lilama 69-1,Industrial Goods & Services,2008-11-19T00:00:00
L62,Công ty Cổ phần Lilama 69 - 2,Industrial Goods & Services,2008-04-21T00:00:00
L63,Công ty Cổ phần Lilama 69-3,Industrial Goods & Services,2016-10-06T00:00:00
LAI,Công ty Cổ phần Đầu tư Xây dựng Long An IDICO,Construction & Materials,2015-08-10T00:00:00
LBM,Công ty Cổ phần Khoáng sản và Vật liệu xây dựng Lâm Đồng,Construction & Materials,2006-12-20T00:00:00
LDP,Công ty Cổ phần Dược Lâm Đồng - Ladophar,Health Care,2010-07-20T00:00:00
LG9,Công ty Cổ phần Cơ giới và Xây lắp số 9,Construction & Materials,2017-12-18T00:00:00
LHC,Công ty Cổ phần Đầu tư và Xây dựng Thủy lợi Lâm Đồng,Construction & Materials,2010-01-13T00:00:00
LM3,Công ty Cổ phần Lilama 3,Construction & Materials,2009-12-01T00:00:00
LMH,Công ty Cổ phần Quốc Tế Holding,Real Estate,2018-10-12T00:00:00
LSG,Công ty Cổ phần Bất động sản Sài Gòn Vi na,Real Estate,2022-05-12T00:00:00
LTC,Công ty Cổ phần Điện nhẹ Viễn Thông,Technology,2006-12-14T00:00:00
MA1,Công ty Cổ phần Thiết bị,Real Estate,2020-06-29T00:00:00
MAC,Công ty Cổ phần Tập đoàn Macstar,Industrial Goods & Services,2009-12-24T00:00:00
MBB,Ngân hàng Thương mại Cổ phần Quân đội,Banks,2011-11-01T00:00:00
MBT,Công ty Cổ phần Bất động sản cho thuê Minh Bảo Tín,Real Estate,2025-03-19T00:00:00
MCC,Công ty Cổ phần Gạch ngói cao cấp,Construction & Materials,2010-04-26T00:00:00
MCF,Công ty Cổ phần Xây lắp Cơ khí và Lương thực Thực phẩm,Food & Beverage,2011-02-14T00:00:00
MCG,Công ty Cổ phần Năng lượng và Bất động sản MCG,Construction & Materials,2009-09-24T00:00:00
MCM,Công ty Cổ phần Giống bò sữa Mộc Châu,Food & Beverage,2020-12-18T00:00:00
MCO,Công ty Cổ phần Đầu tư và Xây dựng BDC Việt Nam,Construction & Materials,2006-12-21T00:00:00
MDA,Công ty Cổ phần Môi trường Đô thị Đông Anh,Industrial Goods & Services,2018-01-10T00:00:00
MEL,Công ty Cổ phần Thép Mê Lin,Basic Resources,2017-09-27T00:00:00
MES,Công ty Cổ phần Cơ điện Công trình,Construction & Materials,2016-12-12T00:00:00
MH3,Công ty Cổ phần Khu công nghiệp Cao su Bình Long,Real Estate,2017-03-06T00:00:00
MIC,Công ty Cổ phần Kỹ nghệ Khoáng sản Quảng Nam,Basic Resources,2007-12-21T00:00:00
MIG,Tổng Công ty Cổ phần Bảo hiểm Quân đội,Insurance,2017-05-05T00:00:00
MLC,Công ty Cổ phần Môi trường Đô thị Tỉnh Lào Cai,Industrial Goods & Services,2017-05-23T00:00:00
MML,Công ty Cổ phần Masan MEATLife,Food & Beverage,2019-12-09T00:00:00
MPC,Công ty Cổ phần Tập đoàn Thủy sản Minh Phú,Food & Beverage,2017-10-16T00:00:00
MPT,Công ty Cổ phần Tập đoàn MPT,Personal & Household Goods,2016-01-15T00:00:00
MQB,Công ty Cổ phần Môi trường và Phát triển đô thị Quảng Bình,Industrial Goods & Services,2017-11-08T00:00:00
MSB,Ngân hàng Thương mại Cổ phần Hàng Hải Việt Nam,Banks,2020-12-23T00:00:00
MSN,Công ty Cổ phần Tập đoàn Masan,Food & Beverage,2009-11-05T00:00:00
MTP,Công ty Cổ phần Dược Medipharco,Health Care,2010-09-23T00:00:00
NAB,Ngân hàng Thương mại Cổ phần Nam Á,Banks,2020-10-09T00:00:00
NAF,Công ty Cổ phần Nafoods Group,Food & Beverage,2015-10-07T00:00:00
NAG,Công ty Cổ phần Tập đoàn Nagakawa,Industrial Goods & Services,2009-09-22T00:00:00
NAS,Công ty Cổ phần Dịch vụ Hàng không Sân bay Việt Nam,Industrial Goods & Services,2017-01-25T00:00:00
ND2,Công ty Cổ phần Đầu tư và Phát triển điện Miền Bắc 2,Utilities,2010-07-22T00:00:00
NDC,Công ty Cổ phần Nam Dược,Health Care,2010-03-11T00:00:00
NDP,Công ty Cổ phần Dược phẩm 2/9,Health Care,2013-04-09T00:00:00
NDT,Tổng Công ty Cổ phần Dệt may Nam Định,Personal & Household Goods,2018-09-11T00:00:00
NDX,Công ty Cổ phần Xây lắp Phát triển Nhà Đà Nẵng,Construction & Materials,2013-07-17T00:00:00
NFC,Công ty Cổ phần Phân lân Ninh Bình,Chemicals,2014-03-03T00:00:00
NHA,Tổng Công ty Đầu tư Phát triển Nhà và Đô thị Nam Hà Nội,Construction & Materials,2010-07-13T00:00:00
NHH,Công ty Cổ phần Nhựa Hà Nội,Chemicals,2017-09-08T00:00:00
NHT,Công ty Cổ phần Sản xuất và Thương mại Nam Hoa,Personal & Household Goods,2017-12-01T00:00:00
NJC,Công ty Cổ phần May Nam Định,Personal & Household Goods,2020-12-23T00:00:00
NLG,Công ty Cổ phần Đầu tư Nam Long,Real Estate,2013-04-08T00:00:00
NNT,Công ty Cổ phần Cấp nước Ninh Thuận,Utilities,2012-06-22T00:00:00
NSC,Công ty Cổ phần Tập đoàn Giống cây trồng Việt Nam,Food & Beverage,2006-12-21T00:00:00
NSG,Công ty Cổ phần Nhựa Sài Gòn,Chemicals,2016-05-19T00:00:00
NTF,Công ty Cổ phần Dược - Vật tư y tế Nghệ An,Health Care,2019-07-04T00:00:00
NTH,Công ty Cổ phần Thủy điện Nước Trong,Utilities,2019-06-19T00:00:00
NUE,Công ty Cổ phần Môi trường Đô thị Nha Trang,Industrial Goods & Services,2017-02-20T00:00:00
NVL,Công ty Cổ phần Tập đoàn Đầu tư Địa ốc No Va,Real Estate,2016-12-28T00:00:00
OIL,Tổng Công ty Dầu Việt Nam - Công ty Cổ phần,Oil & Gas,2018-03-07T00:00:00
ONE,Công ty Cổ phần Công nghệ ONE,Technology,2008-06-24T00:00:00
ONW,Công ty Cổ phần Tập đoàn ONW,Travel & Leisure,2017-02-17T00:00:00
PAP,Công ty Cổ phần Dầu khí đầu tư khai thác Cảng Phước An,Industrial Goods & Services,2021-07-14T00:00:00
PBC,Công ty Cổ phần Dược Phẩm Trung ương 1 - Pharbaco,Health Care,2019-11-26T00:00:00
PC1,Công ty Cổ phần Tập đoàn PC1,Construction & Materials,2016-11-16T00:00:00
PCC,Công ty Cổ phần Tập đoàn Xây lắp 1 - Petrolimex,Construction & Materials,2017-11-14T00:00:00
PCH,Công ty Cổ phần Picomat Holding,Chemicals,2022-07-28T00:00:00
PCM,Công ty Cổ phần Vật liệu Xây dựng Bưu điện,Construction & Materials,2017-08-10T00:00:00
PCT,Công ty Cổ phần Vận tải Biển Global Pacific,Industrial Goods & Services,2011-09-12T00:00:00
PEG,Tổng Công ty Thương mại Kỹ thuật và Đầu tư - Công ty Cổ phần,Utilities,2018-11-05T00:00:00
PGB,Ngân hàng Thương mại Cổ phần Thịnh vượng và Phát triển,Banks,2020-12-24T00:00:00
PGD,Công ty Cổ phần Phân phối khí thấp áp dầu khí Việt Nam,Utilities,2009-11-26T00:00:00
PGT,Công ty Cổ phần PGT Holdings,Travel & Leisure,2009-12-25T00:00:00
PGV,Tổng Công ty Phát điện 3 - Công ty Cổ phần,Utilities,2018-03-21T00:00:00
PHC,Công ty Cổ phần Xây dựng Phục Hưng Holdings,Construction & Materials,2009-11-05T00:00:00
PIC,Công ty Cổ phần Đầu tư Điện lực 3,Utilities,2015-08-05T00:00:00
PIS,Tổng Công ty Pisico Bình Định - Công ty Cổ phần,Basic Resources,2016-01-12T00:00:00
PJC,Công ty Cổ phần Thương mại và Vận tải Petrolimex Hà Nội,Utilities,2006-12-25T00:00:00
PLP,Công ty Cổ phần Sản xuất và Công nghệ Nhựa Pha Lê,Chemicals,2017-08-21T00:00:00
PNC,Công ty Cổ phần Văn hóa Phương Nam,Media,2005-07-11T00:00:00
PND,Công ty Cổ phần Xăng dầu Dầu khí Nam Định,Utilities,2017-02-20T00:00:00
PNP,Công ty Cổ phần Tân Cảng – Phú Hữu,Industrial Goods & Services,2019-05-17T00:00:00
POS,Công ty Cổ phần Vận hành và Xây lắp PTSC,Oil & Gas,2016-11-25T00:00:00
POV,Công ty Cổ phần Xăng dầu Dầu khí Vũng Áng,Utilities,2010-09-23T00:00:00
POW,Tổng Công ty Điện lực Dầu khí Việt Nam - CTCP,Utilities,2018-03-06T00:00:00
PPH,Tổng Công ty Cổ phần Phong Phú,Personal & Household Goods,2017-08-23T00:00:00
PPP,Công ty Cổ phần Dược phẩm Phong Phú,Health Care,2011-07-18T00:00:00
PRE,Tổng Công ty Cổ phần Tái bảo hiểm Hà Nội,Insurance,2020-12-24T00:00:00
PRO,Công ty Cổ phần Procimex Việt Nam,Food & Beverage,2014-10-10T00:00:00
PSB,Công ty Cổ phần Đầu tư Dầu khí Sao Mai Bến Đình,Construction & Materials,2010-02-25T00:00:00
PTI,Tổng Công ty Cổ phần Bảo hiểm Bưu điện,Insurance,2011-03-02T00:00:00
PTL,Công ty Cổ phần Victory Group,Real Estate,2010-09-22T00:00:00
PTM,"Công ty Cổ phần Sản xuất, Thương mại Và Dịch vụ Ô tô PTM",Automobiles & Parts,2025-08-22T00:00:00
PTO,Công ty Cổ phần Dịch vụ - Xây dựng Công trình Bưu điện,Construction & Materials,2017-06-20T00:00:00
PTS,Công ty Cổ phần Vận tải và Dịch vụ Petrolimex Hải Phòng,Industrial Goods & Services,2006-12-01T00:00:00
PV2,Công ty Cổ phần Đầu tư PV2,Real Estate,2010-12-16T00:00:00
PVH,Công ty Cổ phần Xây lắp Dầu khí Thanh Hóa,Construction & Materials,2017-05-19T00:00:00
PVL,Công ty Cổ phần Địa ốc Dầu khí,Real Estate,2010-04-15T00:00:00
PVO,Công ty Cổ phần Dầu nhờn PV Oil,Chemicals,2016-01-12T00:00:00
PVR,Công ty Cổ phần Đầu tư PVR Hà Nội,Real Estate,2010-06-21T00:00:00
PVT,Tổng Công ty Cổ phần Vận tải Dầu khí,Industrial Goods & Services,2007-12-10T00:00:00
PVV,Công ty Cổ phần Vinaconex 39,Construction & Materials,2010-09-09T00:00:00
PVY,Công ty Cổ phần Chế tạo Giàn khoan Dầu khí,Construction & Materials,2017-12-29T00:00:00
PXA,Công ty Cổ phần Đầu tư và Thương mại Dầu khí Nghệ An,Real Estate,2011-02-22T00:00:00
PXI,Công ty Cổ phần Xây dựng Công nghiệp và Dân dụng Dầu khí,Construction & Materials,2010-06-21T00:00:00
PXM,Công ty Cổ phần Xây lắp Dầu khí Miền Trung,Construction & Materials,2010-06-21T00:00:00
PXS,Công ty Cổ phần Kết cấu Kim loại và Lắp máy Dầu khí,Construction & Materials,2010-06-02T00:00:00
QHD,Công ty Cổ phần Que hàn điện Việt Đức,Industrial Goods & Services,2010-04-22T00:00:00
QNC,Công ty Cổ phần Xi măng và Xây dựng Quảng Ninh,Construction & Materials,2008-01-17T00:00:00
QNW,Công ty Cổ phần Cấp thoát nước và xây dựng Quảng Ngãi,Utilities,2016-12-26T00:00:00
QPH,Công ty Cổ phần Thủy điện Quế Phong,Utilities,2014-07-11T00:00:00
QST,Công ty Cổ phần Sách và Thiết bị trường học Quảng Ninh,Media,2009-02-16T00:00:00
QTC,Công ty Cổ phần Công trình Giao thông Vận tải Quảng Nam,Construction & Materials,2009-01-16T00:00:00
RAT,Công ty Cổ phần Vận tải và Thương mại Đường sắt,Industrial Goods & Services,2016-08-15T00:00:00
RIC,Công ty Cổ phần Quốc Tế Hoàng Gia,Travel & Leisure,2007-07-31T00:00:00
RYG,Công ty Cổ phần Sản xuất và Đầu tư Hoàng Gia,Construction & Materials,2024-12-12T00:00:00
S12,Công ty Cổ phần Sông Đà 12,Construction & Materials,2008-01-16T00:00:00
S72,Công ty Cổ phần Sông Đà 7.02,Construction & Materials,2018-05-22T00:00:00
S99,Công ty Cổ phần SCI,Construction & Materials,2006-12-22T00:00:00
SAC,Công ty Cổ phần Xếp dỡ và Dịch vụ cảng Sài Gòn,Industrial Goods & Services,2016-11-08T00:00:00
SAL,Công ty Cổ phần Trục vớt Cứu hộ Việt Nam,Industrial Goods & Services,2017-10-20T00:00:00
SAM,Công ty Cổ phần SAM Holdings,Technology,2000-07-28T00:00:00
SAS,Công ty Cổ phần Dịch vụ Hàng không Sân bay Tân Sơn Nhất,Retail,2015-04-16T00:00:00
SAV,Công ty Cổ phần Hợp tác Kinh tế và Xuất nhập khẩu Savimex,Basic Resources,2002-05-09T00:00:00
SBA,Công ty Cổ phần Sông Ba,Utilities,2010-06-01T00:00:00
SBB,Công ty Cổ phần Tập đoàn Bia Sài Gòn Bình Tây,Food & Beverage,2023-12-12T00:00:00
SBV,Công ty Cổ phần Siam Brothers Việt Nam,Retail,2017-05-16T00:00:00
SC5,Công ty Cổ phần Xây dựng số 5,Construction & Materials,2007-10-18T00:00:00
SCG,Công ty Cổ phần Tập đoàn Xây dựng SCG,Construction & Materials,2021-04-12T00:00:00
SCL,Công ty Cổ phần Sông Đà Cao Cường,Construction & Materials,2010-09-15T00:00:00
SD2,Công ty Cổ phần Sông Đà 2,Construction & Materials,2007-11-30T00:00:00
SD3,Công ty Cổ phần Sông Đà 3,Construction & Materials,2006-12-25T00:00:00
SD4,Công ty Cổ phần Sông Đà 4,Construction & Materials,2008-06-25T00:00:00
SD6,Công ty Cổ phần Sông Đà 6,Construction & Materials,2006-12-25T00:00:00
SDU,Công ty Cổ phần Đầu tư Xây dựng và Phát triển Đô thị Sông Đà,Construction & Materials,2009-09-28T00:00:00
SFI,Công ty Cổ phần Đại lý Vận tải SAFI,Industrial Goods & Services,2006-12-29T00:00:00
SFN,Công ty Cổ phần Dệt lưới Sài Gòn,Industrial Goods & Services,2006-11-29T00:00:00
SGD,Công ty Cổ phần Sách Giáo dục tại Thành phố Hồ Chí Minh,Media,2006-12-28T00:00:00
SGH,Công ty Cổ phần Khách sạn Sài Gòn,Travel & Leisure,2001-07-13T00:00:00
SGI,Công ty Cổ phần Đầu tư SGI Holdings,Personal & Household Goods,2021-09-14T00:00:00
SGS,Công ty Cổ phần Vận tải biển Sài Gòn,Industrial Goods & Services,2010-12-22T00:00:00
SHN,Công ty Cổ phần Đầu tư Tổng hợp Hà Nội,Basic Resources,2009-12-16T00:00:00
SHS,Công ty Cổ phần Chứng khoán Sài Gòn - Hà Nội,Financial Services,2009-06-25T00:00:00
SID,Công ty Cổ phần Đầu tư Phát triển Sài Gòn Co.op,Real Estate,2017-01-09T00:00:00
SJM,Công ty Cổ phần Sunspace Holdings,Construction & Materials,2008-01-10T00:00:00
SMA,Công ty Cổ phần Thiết bị Phụ tùng Sài Gòn,Utilities,2010-10-19T00:00:00
SMT,Công ty Cổ phần SAMETEL,Technology,2010-07-30T00:00:00
SPD,Công ty Cổ phần Xuất nhập khẩu Thủy sản Miền Trung,Food & Beverage,2010-04-22T00:00:00
SRF,Công ty Cổ phần Searefico,Industrial Goods & Services,2009-10-21T00:00:00
SSB,Ngân hàng Thương mại Cổ phần Đông Nam Á,Banks,2021-03-24T00:00:00
SSF,Công ty Cổ phần Giáo dục G Sài Gòn,Personal & Household Goods,2010-04-20T00:00:00
SSH,Công ty Cổ phần Phát triển Sunshine Homes,Real Estate,2021-08-04T00:00:00
SSN,Công ty Cổ phần Xuất nhập khẩu Thủy sản Sài Gòn,Food & Beverage,2013-10-15T00:00:00
STB,Ngân hàng Thương mại Cổ phần Sài Gòn Thương Tín,Banks,2006-07-12T00:00:00
STC,Công ty Cổ phần Sách và Thiết bị trường học Thành phố Hồ Chí Minh,Media,2006-12-27T00:00:00
STG,Công ty Cổ phần Kho Vận Miền Nam,Industrial Goods & Services,2010-03-02T00:00:00
STL,Công ty Cổ phần Sông Đà - Thăng Long,Real Estate,2008-09-23T00:00:00
STT,Công ty Cổ phần Vận chuyển Sài Gòn Tourist,Travel & Leisure,2011-07-08T00:00:00
SVC,Công ty Cổ phần Dịch vụ tổng hợp Sài Gòn,Automobiles & Parts,2006-12-21T00:00:00
SVG,Công ty Cổ phần Hơi kỹ nghệ Que hàn,Industrial Goods & Services,2016-04-06T00:00:00
SVH,Công ty Cổ phần Thủy điện Sông Vàng,Utilities,2017-12-28T00:00:00
SWC,Tổng Công ty Cổ phần Đường Sông Miền Nam,Industrial Goods & Services,2011-04-29T00:00:00
SZG,Công ty Cổ phần Sonadezi Giang Điền,Real Estate,2021-12-27T00:00:00
TAN,Công ty Cổ phần Cà phê Thuận An,Food & Beverage,2019-06-10T00:00:00
TAR,Công ty Cổ phần Nông nghiệp Công nghệ cao Trung An,Food & Beverage,2019-02-20T00:00:00
TBC,Công ty Cổ phần Thủy điện Thác Bà,Utilities,2009-10-19T00:00:00
TBR,Công ty Cổ phần Địa ốc Tân Bình,Real Estate,2022-07-20T00:00:00
TBW,Công ty cổ phần Nước sạch Thái Bình,Utilities,2024-01-09T00:00:00
TCI,Công ty Cổ phần Chứng khoán Thành Công,Financial Services,2018-09-05T00:00:00
TCJ,Công ty Cổ phần Tô Châu,Food & Beverage,2017-11-24T00:00:00
TCW,Công ty Cổ phần Kho Vận Tân Cảng,Industrial Goods & Services,2017-06-26T00:00:00
TD6,Công ty Cổ Phần Than Đèo Nai - Cọc Sáu - TKV,Basic Resources,2025-06-16T00:00:00
TDC,Công ty Cổ phần Kinh doanh và Phát triển Bình Dương,Real Estate,2010-05-04T00:00:00
TDF,Công ty Cổ phần Trung Đô,Construction & Materials,2020-05-12T00:00:00
TDS,Công ty Cổ phần Thép Thủ Đức - VNSTEEL,Basic Resources,2011-10-06T00:00:00
TDT,Công ty Cổ phần Đầu tư và Phát triển TDT,Personal & Household Goods,2018-07-18T00:00:00
TDW,Công ty Cổ phần Cấp nước Thủ Đức,Utilities,2010-11-11T00:00:00
TET,Công ty Cổ phần Vải sợi May mặc Miền Bắc,Personal & Household Goods,2010-04-28T00:00:00
TFC,Công ty Cổ phần Trang,Food & Beverage,2015-12-03T00:00:00
TGG,Công ty Cổ phần The Golden Group,Construction & Materials,2018-05-25T00:00:00
TH1,Công ty Cổ phần Xuất nhập khẩu Tổng hợp I Việt Nam,Retail,2009-11-11T00:00:00
THG,Công ty Cổ phần Đầu tư và Xây dựng Tiền Giang,Construction & Materials,2011-07-28T00:00:00
THN,Công ty Cổ phần Cấp nước Thanh Hóa,Utilities,2017-10-05T00:00:00
THP,Công ty Cổ phần Thủy sản và Thương mại Thuận Phước,Food & Beverage,2019-11-18T00:00:00
THT,Công ty Cổ phần Than Hà Tu - Vinacomin,Basic Resources,2008-10-24T00:00:00
THW,Công ty Cổ phần Cấp nước Tân Hòa,Utilities,2016-03-01T00:00:00
TJC,Công ty Cổ phần Dịch vụ Vận tải và Thương mại,Industrial Goods & Services,2007-12-17T00:00:00
TL4,Tổng Công ty Xây dựng Thủy lợi 4 - Công ty Cổ phần,Construction & Materials,2015-02-04T00:00:00
TLP,Tổng Công ty Thương mại Xuất nhập khẩu Thanh Lễ - CTCP,Utilities,2017-12-08T00:00:00
TMB,Công ty Cổ phần Kinh doanh Than Miền Bắc - Vinacomin,Basic Resources,2017-01-16T00:00:00
TMT,Công ty Cổ phần Ô tô TMT,Automobiles & Parts,2010-01-22T00:00:00
TNB,Công ty Cổ phần Thép Nhà Bè - VNSTEEL,Basic Resources,2010-04-16T00:00:00
TNC,Công ty Cổ phần Cao su Thống Nhất,Chemicals,2007-08-22T00:00:00
TNP,Công ty Cổ phần Cảng Thị Nại,Industrial Goods & Services,2016-12-23T00:00:00
TNS,Công ty Cổ phần Thép tấm lá Thống Nhất,Basic Resources,2017-01-06T00:00:00
TNT,Công ty Cổ phần Tập đoàn TNT,Construction & Materials,2010-05-21T00:00:00
TNV,Công ty Cổ phần Thống Nhất Hà Nội,Personal & Household Goods,2024-11-08T00:00:00
TNW,Công ty Cổ phần Nước sạch Thái Nguyên,Utilities,2017-05-26T00:00:00
TOP,Công ty Cổ phần Phân phối Top One,Retail,2015-07-23T00:00:00
TPB,Ngân hàng Thương mại Cổ phần Tiên Phong,Banks,2018-04-19T00:00:00
TPP,Công ty Cổ phần Tân Phú Việt Nam,Industrial Goods & Services,2008-09-26T00:00:00
TQN,Công ty Cổ phần Thông Quảng Ninh,Basic Resources,2017-02-08T00:00:00
TRC,Công ty Cổ phần Cao su Tây Ninh,Chemicals,2007-07-24T00:00:00
TRS,Công ty Cổ phần Vận tải và Dịch vụ Hàng Hải,Industrial Goods & Services,2015-09-18T00:00:00
TRV,Công ty Cổ Phần Vận tải Đường sắt,Industrial Goods & Services,2025-06-19T00:00:00
TS3,Công ty Cổ phần Trường Sơn 532,Construction & Materials,2018-01-19T00:00:00
TSG,Công ty Cổ phần Thông tin Tín hiệu Đường sắt Sài Gòn,Industrial Goods & Services,2017-04-18T00:00:00
TST,Công ty Cổ phần Dịch vụ Kỹ thuật Viễn thông,Technology,2007-12-13T00:00:00
TT6,Công ty Cổ Phần Tập Đoàn Tiến Thịnh,Food & Beverage,2024-08-02T00:00:00
TTC,Công ty Cổ phần Gạch men Thanh Thanh,Construction & Materials,2006-08-08T00:00:00
TTF,Công ty Cổ phần Tập đoàn Kỹ nghệ Gỗ Trường Thành,Basic Resources,2008-02-18T00:00:00
TTN,Công ty Cổ phần Công nghệ & Truyền thông Việt Nam,Telecommunications,2017-04-19T00:00:00
TTZ,Công ty Cổ phần Đầu tư Xây dựng và Công nghệ Tiến Trung,Construction & Materials,2013-01-29T00:00:00
TV1,Công ty Cổ phần Tư vấn Xây dựng Điện 1,Industrial Goods & Services,2010-09-23T00:00:00
TVG,Công ty Cổ phần Tư vấn Đầu tư và Xây dựng Giao thông Vận tải,Construction & Materials,2010-01-25T00:00:00
TVH,Công ty Cổ phần Tư vấn Xây dựng công trình Hàng hải,Construction & Materials,2019-01-17T00:00:00
TVN,Tổng Công ty Thép Việt Nam - Công ty Cổ phần,Basic Resources,2016-01-18T00:00:00
TXM,Công ty Cổ phần VICEM Thạch cao Xi Măng,Construction & Materials,2006-12-11T00:00:00
UDC,Công ty Cổ phần Đầu tư Xây dựng UDCons,Construction & Materials,2010-07-05T00:00:00
UEM,Công ty Cổ phần Cơ điện Uông Bí - Vinacomin,Industrial Goods & Services,2015-09-24T00:00:00
UIC,Công ty Cổ phần Đầu tư Phát triển Nhà và Đô thị IDICO,Utilities,2007-11-12T00:00:00
UNI,Công ty Cổ phần Đầu tư và Phát triển Sao Mai Việt,Technology,2006-05-30T00:00:00
UPH,Công ty Cổ phần Dược phẩm TW25,Health Care,2016-12-29T00:00:00
VBB,Ngân hàng Thương mại Cổ phần Việt Nam Thương Tín,Banks,2019-07-30T00:00:00
VBG,Công ty Cổ phần Địa chất Việt Bắc - TKV,Basic Resources,2017-03-24T00:00:00
VBT,Công ty Cổ phần Vận tải Bảo Thắng,Industrial Goods & Services,2026-05-04T00:00:00
VC6,Công ty cổ phần Xây dựng và Đầu tư Visicons,Construction & Materials,2008-01-28T00:00:00
VCA,Công ty Cổ phần Thép VICASA,Basic Resources,2011-02-21T00:00:00
VCC,Công ty Cổ phần Vinaconex 25,Construction & Materials,2009-02-05T00:00:00
VCG,Tổng Công ty Cổ phần Xuất nhập khẩu và Xây dựng Việt Nam,Construction & Materials,2008-09-05T00:00:00
VCI,Công ty Cổ phần Chứng khoán Vietcap,Financial Services,2017-07-07T00:00:00
VCK,Công ty Cổ phần Chứng Khoán VPS,Financial Services,2025-12-16T00:00:00
VCM,Công ty Cổ phần BV Life,Industrial Goods & Services,2010-05-11T00:00:00
VCP,Công ty Cổ phần Xây dựng và Năng lượng VCP,Utilities,2016-12-16T00:00:00
VDS,Công ty Cổ phần Chứng khoán Rồng Việt,Financial Services,2010-05-25T00:00:00
VE8,Công ty Cổ phần Xây dựng Điện Vneco 8,Construction & Materials,2012-08-27T00:00:00
VE9,Công ty Cổ phần Đầu tư và Xây dựng VNECO 9,Construction & Materials,2008-01-23T00:00:00
VEF,Công ty Cổ phần Trung tâm Hội chợ Triển lãm Việt Nam,Real Estate,2015-12-22T00:00:00
VES,Công ty Cổ phần Tập đoàn VinaLiving,Real Estate,2010-04-14T00:00:00
VET,Công ty Cổ phần Thuốc Thú y Trung ương NAVETCO,Chemicals,2017-12-13T00:00:00
VFC,Công ty Cổ phần VINAFCO,Industrial Goods & Services,2006-06-26T00:00:00
VFG,Công ty Cổ phần Khử trùng Việt Nam,Chemicals,2009-12-17T00:00:00
VGV,Tổng Công ty Tư vấn Xây dựng Việt Nam - CTCP,Real Estate,2017-07-17T00:00:00
VHC,Công ty Cổ phần Vĩnh Hoàn,Food & Beverage,2007-12-24T00:00:00
VHL,Công ty Cổ phần Viglacera Hạ Long,Construction & Materials,2009-02-12T00:00:00
VHM,Công ty Cổ phần Vinhomes,Real Estate,2018-05-17T00:00:00
VIE,Công ty Cổ phần Công nghệ Viễn thông VI TE CO,Technology,2011-05-06T00:00:00
VIF,Tổng Công ty Lâm nghiệp Việt Nam - Công ty Cổ phần,Basic Resources,2017-01-12T00:00:00
VIG,Công ty Cổ phần Chứng khoán Đầu tư Tài chính Việt Nam,Financial Services,2009-12-01T00:00:00
VIN,Công ty Cổ phần Giao nhận Kho vận Ngoại thương Việt Nam,Industrial Goods & Services,2014-09-04T00:00:00
VJC,Công ty Cổ phần Hàng không Vietjet,Travel & Leisure,2017-02-28T00:00:00
VKC,Công ty Cổ phần VKC Holdings,Automobiles & Parts,2010-12-08T00:00:00
VKP,Công ty Cổ phần Nhựa Tân Hóa,Chemicals,2008-03-31T00:00:00
VLB,Công ty Cổ phần Xây dựng và Sản xuất Vật liệu Xây dựng Biên Hòa,Construction & Materials,2016-09-22T00:00:00
VLC,Tổng Công ty Chăn nuôi Việt Nam - Công ty Cổ phần,Food & Beverage,2015-10-26T00:00:00
VLS,Công ty Cổ phần Sản xuất Thép Việt Long,Basic Resources,2025-12-15T00:00:00
VMA,Công ty Cổ phần Công nghiệp Ô tô - Vinacomin,Automobiles & Parts,2015-08-28T00:00:00
VMD,Công ty Cổ phần Y Dược phẩm Vimedimex,Health Care,2010-09-30T00:00:00
VMG,Công ty Cổ phần Thương mại và Dịch vụ Dầu khí Vũng Tàu,Utilities,2017-10-11T00:00:00
VNG,Công ty Cổ phần Du Lịch Thành Thành Công,Travel & Leisure,2009-12-17T00:00:00
VNH,Công ty Cổ phần Đầu tư Việt Việt Nhật,Food & Beverage,2010-04-08T00:00:00
VNI,Công ty Cổ phần Đầu tư Bất động sản Việt Nam,Real Estate,2009-09-09T00:00:00
VNL,Công ty Cổ phần Logistics Vinalink,Industrial Goods & Services,2009-08-17T00:00:00
VNP,Công ty Cổ phần Nhựa Việt Nam,Chemicals,2015-08-18T00:00:00
VNR,Tổng Công ty Cổ phần Tái bảo hiểm Quốc gia Việt Nam,Insurance,2006-03-13T00:00:00
VNX,Công ty Cổ phần Quảng cáo và Hội chợ Thương mại Vinexad,Media,2010-06-10T00:00:00
VNY,Công ty Cổ phần Thuốc thú y Trung ương I,Chemicals,2018-08-03T00:00:00
VOS,Công ty Cổ phần Vận tải Biển Việt Nam,Industrial Goods & Services,2010-09-08T00:00:00
VPA,Công ty Cổ phần Vận tải Hóa dầu VP,Industrial Goods & Services,2016-01-27T00:00:00
VPG,Công ty Cổ phần Đầu tư Thương mại Xuất nhập khẩu Việt Phát,Basic Resources,2018-01-18T00:00:00
VPH,Công ty Cổ phần Vạn Phát Hưng,Real Estate,2009-09-09T00:00:00
VPW,Công ty Cổ phần Cấp thoát nước số 1 Vĩnh Phúc,Utilities,2017-11-13T00:00:00
VPX,Công ty Cổ phần Chứng khoán VPBank,Financial Services,2025-12-11T00:00:00
VQC,Công ty Cổ phần Giám định Vinaconmin,Industrial Goods & Services,2010-02-26T00:00:00
VRE,Công ty Cổ phần Vincom Retail,Real Estate,2017-11-06T00:00:00
VRG,Công ty Cổ phần Phát triển Đô thị và Khu Công nghiệp Cao Su Việt Nam,Real Estate,2014-11-10T00:00:00
VSF,Tổng Công ty Lương thực Miền Nam - Công ty Cổ phần,Food & Beverage,2018-04-23T00:00:00
VSH,Công ty Cổ phần Thủy điện Vĩnh Sơn - Sông Hinh,Utilities,2006-07-18T00:00:00
VSI,Công ty Cổ phần Đầu tư và Xây dựng Cấp thoát nước,Construction & Materials,2010-12-24T00:00:00
VST,Công ty Cổ phần Vận tải và Thuê Tàu biển Việt Nam,Industrial Goods & Services,2009-02-26T00:00:00
VTA,Công ty Cổ phần VITALY,Construction & Materials,2006-12-29T00:00:00
VTD,Công ty Cổ phần Vietourist Holdings,Travel & Leisure,2019-11-06T00:00:00
VTH,Công ty Cổ phần Dây cáp điện Việt Thái,Industrial Goods & Services,2014-10-29T00:00:00
VTX,Công ty Cổ phần Vận tải Đa phương thức VIETRANSTIMEX,Industrial Goods & Services,2014-05-15T00:00:00
VVS,Công ty Cổ phần Đầu tư Phát triển Máy Việt Nam,Automobiles & Parts,2022-10-07T00:00:00
VXB,Công ty Cổ phần Vật liệu xây dựng Bến Tre,Construction & Materials,2010-06-22T00:00:00
VXP,Công ty Cổ phần Thuốc Thú y Trung ương VETVACO,Chemicals,2019-08-19T00:00:00
X20,Công ty Cổ phần X20,Personal & Household Goods,2018-02-05T00:00:00
X26,Công ty Cổ phần 26,Personal & Household Goods,2018-07-09T00:00:00
XMC,Công ty cổ phần Đầu tư và Xây dựng Xuân Mai,Construction & Materials,2007-12-20T00:00:00
XPH,Công ty Cổ phần Xà phòng Hà Nội,Personal & Household Goods,2014-11-25T00:00:00
YTC,Công ty Cổ phần Xuất nhập khẩu Y tế Thành phố Hồ Chí Minh,Health Care,2017-08-03T00:00:00
