symbol,company_name,listed_date
ABR,Công ty Cổ phần Đầu tư Nhãn Hiệu Việt,2018-06-12T00:00:00
ABT,Công ty Cổ phần Xuất nhập khẩu Thủy sản Bến Tre,2006-12-25T00:00:00
ACB,Ngân hàng Thương mại Cổ phần Á Châu,2006-11-21T00:00:00
ACC,Công ty Cổ phần Đầu tư và Xây dựng Bình Dương ACC,2011-06-30T00:00:00
ACL,Công ty Cổ phần Xuất nhập khẩu Thủy sản Cửu Long An Giang,2007-09-05T00:00:00
ACM,Công ty Cổ phần Tập đoàn Khoáng sản Á Cường,2015-07-23T00:00:00
ACV,Tổng Công ty Cảng Hàng không Việt Nam - CTCP,2016-11-21T00:00:00
ADC,Công ty Cổ phần Mĩ thuật và Truyền thông,2010-12-24T00:00:00
AFX,Công ty Cổ phần Xuất Nhập khẩu Nông sản Thực phẩm An Giang,2016-12-02T00:00:00
AG1,Công ty Cổ phần 28.1,2018-01-10T00:00:00
AGG,Công ty Cổ phần Đầu tư và Phát triển Bất động sản An Gia,2020-01-09T00:00:00
AGP,Công ty Cổ phần Dược phẩm AGIMEXPHARM,2015-10-06T00:00:00
AGX,Công ty Cổ phần Thực phẩm Nông sản Xuất khẩu Sài Gòn,2015-09-14T00:00:00
ALV,Công ty Cổ phần Tập đoàn MCST,2010-09-17T00:00:00
ANT,Công ty Cổ phần Rau quả Thực phẩm An Giang,2016-12-22T00:00:00
ANV,Công ty Cổ phần Nam Việt,2007-12-07T00:00:00
APF,Công ty Cổ phần Nông sản Thực phẩm Quảng Ngãi,2017-06-08T00:00:00
APG,Công ty Cổ phần Chứng khoán APG,2016-11-30T00:00:00
APP,Công ty Cổ phần Phát triển Phụ gia và Sản phẩm dầu mỏ,2010-10-05T00:00:00
ARM,Công ty Cổ phần Xuất nhập khẩu Hàng không,2010-10-26T00:00:00
ASM,Công ty Cổ phần Tập đoàn Sao Mai,2010-01-18T00:00:00
ATS,Công ty Cổ phần Tập đoàn Đầu tư ATS,2016-03-29T00:00:00
AVC,Công ty Cổ phần Thủy điện A Vương,2018-01-08T00:00:00
AVG,Công ty Cổ phần Phân Bón Quốc Tế Âu Việt,2024-08-09T00:00:00
BAB,Ngân hàng Thương mại Cổ phần Bắc Á,2017-12-28T00:00:00
BAF,Công ty Cổ phần Nông nghiệp BAF Việt Nam,2021-12-03T00:00:00
BAL,Công ty Cổ phần Bao bì Bia - Rượu - Nước giải khát,2018-01-12T00:00:00
BBH,Công ty Cổ phần Bao bì Hoàng Thạch,2020-05-14T00:00:00
BBS,Công ty Cổ phần VICEM Bao bì Bút Sơn,2005-12-28T00:00:00
BCA,Công ty cổ phần B.C.H,2021-09-08T00:00:00
BCM,Tập đoàn Đầu tư và Phát triển Công nghiệp Becamex - CTCP,2018-02-21T00:00:00
BCP,Công ty Cổ phần Dược Enlie,2015-09-14T00:00:00
BDW,Công ty Cổ phần Cấp thoát nước Bình Định,2015-10-14T00:00:00
BHA,Công ty Cổ phần Thủy điện Bắc Hà,2017-08-02T00:00:00
BHC,Công ty Cổ phần Bê tông Biên Hòa,2009-05-15T00:00:00
BHG,Công ty Cổ phần Chè Biển Hồ,2018-10-30T00:00:00
BHN,Tổng Công ty Cổ phần Bia - Rượu - Nước giải khát Hà Nội,2016-10-28T00:00:00
BHP,Công ty Cổ phần Bia Hà Nội - Hải Phòng,2013-01-21T00:00:00
BLI,Tổng Công ty Cổ phần Bảo hiểm Bảo Long,2015-12-11T00:00:00
BLN,Công ty Cổ phần Vận tải và Dịch vụ Liên Ninh,2016-09-09T00:00:00
BLT,Công ty Cổ phần Lương thực Bình Định,2017-07-10T00:00:00
BMG,Công ty Cổ phần May Bình Minh,2018-12-25T00:00:00
BMJ,Công ty Cổ phần Khoáng sản Miền Đông AHP,2009-12-22T00:00:00
BMS,Công ty Cổ phần Chứng khoán Bảo Minh,2018-08-08T00:00:00
BMV,Công ty Cổ phần Bột mỳ Vinafood 1,2017-06-06T00:00:00
BNW,Công ty Cổ phần Nước sạch Bắc Ninh,2018-12-28T00:00:00
BT1,Công ty Cổ phần Bảo vệ thực vật 1 Trung ương,2016-11-09T00:00:00
BTN,Công ty Cổ phần Đầu tư Bitco Bình Định,2018-01-05T00:00:00
BTP,Công ty Cổ phần Nhiệt điện Bà Rịa,2009-11-25T00:00:00
BTS,Công ty Cổ phần Xi măng VICEM Bút Sơn,2006-12-05T00:00:00
BTU,Công ty Cổ phần Công trình Đô thị Bến Tre,2016-03-11T00:00:00
BVL,Công ty Cổ phần BV Land,2021-06-11T00:00:00
BVS,Công ty Cổ phần Chứng khoán Bảo Việt,2006-12-18T00:00:00
BWA,Công ty Cổ phần Cấp thoát nước và Xây dựng Bảo Lộc,2010-06-14T00:00:00
C21,Công ty Cổ phần Thế kỷ 21,2016-11-01T00:00:00
C22,Công ty Cổ phần 22,2018-05-24T00:00:00
CCI,Công ty Cổ phần Đầu tư Phát triển Công nghiệp Thương mại Củ Chi,2010-04-15T00:00:00
CCR,Công ty Cổ phần Cảng Cam Ranh,2015-09-24T00:00:00
CCT,Công ty Cổ phần Cảng Cần Thơ,2017-06-30T00:00:00
CCV,Công ty Cổ phần Tư vấn Xây dựng Công nghiệp và Đô thị Việt Nam,2017-01-09T00:00:00
CDN,Công ty Cổ phần Cảng Đà Nẵng,2016-11-30T00:00:00
CDO,Công ty Cổ phần Tư vấn Thiết kế và Phát triển Đô thị,2015-03-09T00:00:00
CDP,Công ty Cổ phần Dược phẩm Trung ương Codupha,2018-07-13T00:00:00
CIA,Công ty Cổ Phần Dịch Vụ Sân Bay Quốc Tế Cam Ranh,2017-11-29T00:00:00
CID,Công ty Cổ phần Xây dựng và Phát triển Cơ sở Hạ tầng,2005-07-14T00:00:00
CK8,Công ty Cổ phần Cơ khí 120,2023-01-06T00:00:00
CKD,Công ty Cổ phần Cơ khí Đông Anh Licogi,2015-05-21T00:00:00
CLI,Công ty Cổ phần Tập đoàn CNCTech,2026-05-06T00:00:00
CLM,Công ty Cổ phần Xuất nhập khẩu Than - Vinacomin,2016-04-15T00:00:00
CLX,Công ty Cổ phần Xuất nhập khẩu và Đầu tư Chợ Lớn (CHOLIMEX),2017-03-01T00:00:00
CMM,Công ty Cổ phần Camimex,2022-11-08T00:00:00
CMN,Công ty Cổ phần Lương thực Thực phẩm Colusa - Miliket,2017-07-10T00:00:00
CMP,Công ty Cổ phần Cảng Chân Mây,2016-02-15T00:00:00
CQN,Công ty Cổ phần Cảng Quảng Ninh,2020-08-18T00:00:00
CQT,Công ty Cổ phần Xi măng Quán Triều VVMI,2016-11-01T00:00:00
CRE,Công ty Cổ phần Bất động sản Thế Kỷ,2018-09-05T00:00:00
CRV,Công ty Cổ phần Tập đoàn Bất động sản CRV,2025-10-10T00:00:00
CSC,Công ty Cổ phần Tập đoàn COTANA,2009-11-04T00:00:00
CSM,Công ty Cổ phần Công nghiệp Cao su Miền Nam,2009-08-11T00:00:00
CST,Công ty Cổ phần Than Cao Sơn - TKV,2021-04-26T00:00:00
CSV,Công ty Cổ phần Hóa chất Cơ bản miền Nam,2015-03-18T00:00:00
CT3,Công ty Cổ phần Đầu tư và Xây dựng công trình 3,2009-11-20T00:00:00
CTB,Công ty Cổ phần Chế tạo Bơm Hải Dương,2006-10-10T00:00:00
CTG,Ngân hàng Thương mại Cổ phần Công thương Việt Nam,2009-07-16T00:00:00
CTI,Công ty Cổ phần Đầu tư Phát triển Cường Thuận IDICO,2010-03-19T00:00:00
CTP,Công ty Cổ phần Tập đoàn CTP Group,2016-07-28T00:00:00
CTR,Tổng Công ty Cổ phần Công trình Viettel,2017-10-31T00:00:00
CTW,Công ty Cổ phần Cấp thoát nước Cần Thơ,2016-09-30T00:00:00
CTX,Tổng Công ty Cổ phần Đầu tư Xây dựng và Thương mại Việt Nam,2012-05-24T00:00:00
CVT,Công ty Cổ phần CMC,2009-11-05T00:00:00
CX8,Công ty Cổ phần Đầu tư và Xây lắp Constrexim số 8,2010-05-19T00:00:00
CYC,Công ty Cổ phần Gạch men Chang Yih,2006-07-31T00:00:00
D2D,Công ty Cổ phần Phát triển Đô thị Công nghiệp số 2,2009-08-14T00:00:00
DAG,Công ty Cổ phần Tập đoàn Nhựa Đông Á,2010-04-08T00:00:00
DAS,Công ty Cổ phần Máy - Thiết bị Dầu khí Đà Nẵng,2014-09-25T00:00:00
DAT,Công ty Cổ phần Đầu tư Du lịch và Phát triển Thủy sản,2015-11-05T00:00:00
DBC,Công ty Cổ phần Tập đoàn Dabaco Việt Nam,2008-03-18T00:00:00
DBD,Công ty Cổ phần Dược - Trang thiết bị y tế Bình Định (BIDIPHAR),2017-01-16T00:00:00
DC1,Công ty Cổ phần Đầu tư Phát triển Xây dựng số 1,2016-07-19T00:00:00
DCL,Công ty Cổ phần Dược phẩm Cửu Long,2008-09-17T00:00:00
DGC,Công ty Cổ phần Tập đoàn Hóa chất Đức Giang,2014-08-26T00:00:00
DGW,Công ty Cổ phần Thế Giới Số,2015-08-03T00:00:00
DHA,Công ty Cổ phần Hóa An,2004-04-14T00:00:00
DHB,Công ty Cổ phần Phân đạm và Hóa chất Hà Bắc,2017-07-26T00:00:00
DHD,Công ty Cổ phần Dược Vật Tư Y Tế Hải Dương,2017-05-05T00:00:00
DHM,Công ty Cổ phần Thương mại & Khai thác Khoáng sản Dương Hiếu,2012-07-24T00:00:00
DIH,Công ty Cổ phần Đầu tư Phát triển Xây dựng - Hội An,2011-04-27T00:00:00
DLG,Công ty Cổ phần Tập đoàn Đức Long Gia Lai,2010-06-22T00:00:00
DLT,Công ty Cổ phần Du lịch và Thương mại - Vinacomin,2015-11-16T00:00:00
DNC,Công ty Cổ phần Điện nước Lắp máy Hải Phòng,2009-12-23T00:00:00
DNH,Công ty Cổ phần Thủy điện Đa Nhim - Hàm Thuận - Đa Mi,2017-06-19T00:00:00
DNN,Công ty Cổ phần Cấp nước Đà Nẵng,2017-07-17T00:00:00
DPC,Công ty Cổ phần Nhựa Đà Nẵng,2001-11-26T00:00:00
DPR,Công ty Cổ phần Cao su Đồng Phú,2007-11-30T00:00:00
DRH,Công ty Cổ phần DRH Holdings,2010-07-26T00:00:00
DRI,Công ty Cổ phần Đầu tư Cao su Đắk Lắk,2017-05-23T00:00:00
DSC,Công ty Cổ phần Chứng khoán DSC,2018-01-05T00:00:00
DSG,Công ty Cổ phần Kính Đáp Cầu,2017-08-11T00:00:00
DST,Công ty Cổ phần Đầu tư Sao Thăng Long,2007-10-16T00:00:00
DTI,Công ty Cổ phần Đầu tư Đức Trung,2018-01-05T00:00:00
DTL,Công ty Cổ phần Đại Thiên Lộc,2010-06-04T00:00:00
DUS,Công ty Cổ phần Dịch vụ Đô thị Đà Lạt,2020-01-08T00:00:00
DVG,Công ty Cổ phần Đại Việt Group DVG,2021-01-14T00:00:00
DVN,Tổng Công ty Dược Việt Nam - CTCP,2017-05-19T00:00:00
DWC,Công ty Cổ phần Cấp nước Đắk Lắk,2021-12-22T00:00:00
DWS,Công ty Cổ phần Cấp nước và Môi trường Đô thị Đồng Tháp,2019-01-24T00:00:00
DXV,Công ty Cổ phần VICEM Vật liệu Xây dựng Đà Nẵng,2008-02-26T00:00:00
E12,Công ty Cổ phần Xây Dựng Điện VNECO 12,2019-12-31T00:00:00
EBS,Công ty Cổ phần Sách Giáo dục tại Thành phố Hà Nội,2006-12-21T00:00:00
EIN,Công ty Cổ phần Đầu tư - Thương Mại - Dịch vụ Điện lực,2017-03-16T00:00:00
ELC,Công ty Cổ phần Công nghệ - Viễn thông ELCOM,2010-10-13T00:00:00
EMG,Công ty Cổ phần Thiết bị Phụ tùng Cơ điện,2017-02-16T00:00:00
EVG,Công ty Cổ phần Tập đoàn Everland,2017-06-08T00:00:00
EVS,Công ty Cổ phần Chứng khoán EVS,2018-08-01T00:00:00
FCM,Công ty Cổ phần Bê tông Phan Vũ Hà Nam,2013-05-15T00:00:00
FCN,Công ty Cổ phần FECON,2012-07-24T00:00:00
FDC,Công ty Cổ phần Ngoại thương và Phát triển Đầu tư Thành phố Hồ Chí Minh,2010-01-18T00:00:00
FGL,Công ty Cổ phần Cà phê Gia Lai,2018-09-14T00:00:00
FRT,Công ty Cổ phần Bán lẻ Kỹ thuật số FPT,2018-04-26T00:00:00
FTM,Công ty Cổ phần Đầu tư và Phát triển Đức Quân,2017-02-06T00:00:00
G20,Công ty Cổ phần Đầu tư Dệt may Vĩnh Phúc,2015-03-09T00:00:00
GDA,Công ty Cổ phần Tôn Đông Á,2023-09-07T00:00:00
GEE,Công ty Cổ phần Điện lực Gelex,2022-03-08T00:00:00
GH3,Công ty Cổ phần Công trình giao thông Hà Nội,2021-08-04T00:00:00
GHC,Công ty Cổ phần Thủy điện Gia Lai,2011-04-26T00:00:00
GMA,Công ty Cổ phần G-Automobile,2020-12-01T00:00:00
GMC,Công ty Cổ phần Garmex Sài Gòn,2006-12-22T00:00:00
GMH,Công ty Cổ phần Minh Hưng Quảng Trị,2022-01-12T00:00:00
GND,Công ty Cổ phần Gạch ngói Đồng Nai,2017-02-21T00:00:00
GPC,Công ty Cổ phần Tập đoàn Green+,2023-01-06T00:00:00
GSM,Công ty Cổ phần Thủy điện Hương Sơn,2015-04-08T00:00:00
GSP,Công ty Cổ phần Vận tải Sản phẩm Khí Quốc tế,2012-03-09T00:00:00
GTT,Công ty Cổ phần Thuận Thảo,2010-06-30T00:00:00
HAC,Công ty Cổ phần Chứng khoán Hải Phòng,2016-10-18T00:00:00
HAG,Công ty Cổ phần Hoàng Anh Gia Lai,2008-12-22T00:00:00
HAM,Công ty Cổ phần Vật tư Hậu Giang,2017-08-21T00:00:00
HAP,Công ty Cổ phần Tập Đoàn Hapaco,2000-08-04T00:00:00
HAS,Công ty Cổ phần Hacisco,2002-12-19T00:00:00
HAV,Công ty Cổ phần Rượu Hapro,2017-11-30T00:00:00
HBH,Công ty Cổ phần HABECO - Hải Phòng,2017-08-10T00:00:00
HBS,Công ty Cổ phần Chứng khoán Hòa Bình,2010-07-16T00:00:00
HC3,Công ty Cổ phần Xây dựng số 3 Hải Phòng,2017-07-11T00:00:00
HCD,Công ty Cổ phần Đầu tư Sản xuất và Thương mại HCD,2016-07-04T00:00:00
HDB,Ngân hàng Thương mại Cổ phần Phát Triển Thành phố Hồ Chí Minh,2018-01-05T00:00:00
HDG,Công ty Cổ phần Tập đoàn Hà Đô,2010-02-02T00:00:00
HEJ,Tổng Công ty Tư vấn Xây dựng Thủy Lợi Việt Nam - CTCP,2017-07-14T00:00:00
HEP,Công ty Cổ phần Môi trường và Công trình đô thị Huế,2017-12-15T00:00:00
HEV,Công ty Cổ phần Sách Đại học - Dạy nghề,2007-12-11T00:00:00
HGT,Công ty Cổ phần Du lịch Hương Giang,2020-10-15T00:00:00
HHG,Công ty Cổ phần Hoàng Hà,2010-07-28T00:00:00
HHN,Công ty Cổ phần Vận tải và Dịch vụ Hàng hóa Hà Nội,2016-12-16T00:00:00
HID,Công ty Cổ phần Halcom Vietnam,2016-07-11T00:00:00
HIO,Công ty Cổ Phần Helio Energy,2023-10-23T00:00:00
HKT,Công ty Cổ phần Đầu tư QP Xanh,2017-01-12T00:00:00
HLO,Công Ty Cổ Phần Công Nghệ Ha Lô,2024-06-24T00:00:00
HLS,Công ty Cổ phần Sứ kỹ thuật Hoàng Liên Sơn,2017-10-16T00:00:00
HLT,Công ty Cổ phần Dệt may Hoàng Thị Loan,2019-12-27T00:00:00
HMR,Công ty Cổ phần Đá Hoàng Mai,2022-01-13T00:00:00
HMS,Công ty Cổ phần Xây dựng Bảo tàng Hồ Chí Minh,2017-06-05T00:00:00
HOT,Công ty Cổ phần Du lịch - Dịch vụ Hội An,2011-07-21T00:00:00
HPD,Công ty Cổ phần Thủy điện Đăk Đoa,2015-06-11T00:00:00
HPH,Công ty Cổ phần Hóa Chất Hưng Phát Hà Bắc,2017-12-28T00:00:00
HPM,Công ty Cổ phần Xây dựng Thương mại và Khoáng sản Hoàng Phúc,2016-01-18T00:00:00
HPO,Công ty Cổ phần Công nghiệp Hapulico,2025-10-22T00:00:00
HPX,Công ty Cổ phần Đầu tư Hải Phát,2018-07-24T00:00:00
HSP,Công ty Cổ phần Sơn Tổng hợp Hà Nội,2020-03-30T00:00:00
HT1,Công ty Cổ phần Xi măng VICEM Hà Tiên,2007-11-13T00:00:00
HTC,Công ty Cổ phần Thương mại Hóc Môn,2010-05-07T00:00:00
HTT,Công ty Cổ phần Thương mại Hà Tây,2017-07-05T00:00:00
HU3,Công ty Cổ phần Đầu tư và Xây dựng HUD3,2011-03-18T00:00:00
ICG,Công ty Cổ phần Xây dựng Sông Hồng,2009-04-21T00:00:00
IDI,Công ty Cổ phần Đầu tư và Phát triển Đa Quốc Gia I.D.I,2011-06-30T00:00:00
IDV,Công ty Cổ phần Phát triển Hạ tầng Vĩnh Phúc,2010-06-01T00:00:00
IHK,Công ty Cổ phần In Hàng Không,2010-03-04T00:00:00
IJC,Công ty Cổ phần Phát triển Hạ tầng Kỹ thuật,2010-04-19T00:00:00
ILA,Công ty Cổ phần ILA,2017-11-28T00:00:00
ILC,Công ty Cổ phần Hợp tác lao động với nước ngoài,2018-08-10T00:00:00
IME,Công ty Cổ phần Cơ khí và Xây lắp Công nghiệp,2009-12-01T00:00:00
IMP,Công ty Cổ phần Dược phẩm Imexpharm,2006-12-04T00:00:00
ITD,Công ty Cổ phần Công nghệ ITD,2011-12-20T00:00:00
JOS,Công ty Cổ phần Chế biến Thủy sản Xuất khẩu Minh Hải,2017-07-28T00:00:00
JVC,Công ty Cổ phần Đầu tư Y tế - Dược phẩm Việt Nam,2011-06-21T00:00:00
KDC,Công ty Cổ phần Tập đoàn KIDO,2005-12-12T00:00:00
KGM,Công ty Cổ phần Xuất nhập khẩu Kiên Giang,2017-09-21T00:00:00
KHX,Công ty Cổ phần Phát hành sách Khánh Hoà,2026-01-15T00:00:00
KMR,Công ty Cổ phần Mirae,2008-06-30T00:00:00
KSQ,Công ty Cổ phần CNC Capital Việt Nam,2013-07-26T00:00:00
KST,Công ty Cổ phần KASATI,2010-12-29T00:00:00
KTT,Công ty Cổ phần Tập đoàn Đầu tư KTT,2010-10-28T00:00:00
L14,Công ty Cổ phần Licogi 14,2011-09-13T00:00:00
L61,Công ty Cổ phần Lilama 69-1,2008-11-19T00:00:00
L62,Công ty Cổ phần Lilama 69 - 2,2008-04-21T00:00:00
L63,Công ty Cổ phần Lilama 69-3,2016-10-06T00:00:00
LAI,Công ty Cổ phần Đầu tư Xây dựng Long An IDICO,2015-08-10T00:00:00
LBM,Công ty Cổ phần Khoáng sản và Vật liệu xây dựng Lâm Đồng,2006-12-20T00:00:00
LDP,Công ty Cổ phần Dược Lâm Đồng - Ladophar,2010-07-20T00:00:00
LG9,Công ty Cổ phần Cơ giới và Xây lắp số 9,2017-12-18T00:00:00
LHC,Công ty Cổ phần Đầu tư và Xây dựng Thủy lợi Lâm Đồng,2010-01-13T00:00:00
LM3,Công ty Cổ phần Lilama 3,2009-12-01T00:00:00
LMH,Công ty Cổ phần Quốc Tế Holding,2018-10-12T00:00:00
LSG,Công ty Cổ phần Bất động sản Sài Gòn Vi na,2022-05-12T00:00:00
LTC,Công ty Cổ phần Điện nhẹ Viễn Thông,2006-12-14T00:00:00
MA1,Công ty Cổ phần Thiết bị,2020-06-29T00:00:00
MAC,Công ty Cổ phần Tập đoàn Macstar,2009-12-24T00:00:00
MBB,Ngân hàng Thương mại Cổ phần Quân đội,2011-11-01T00:00:00
MBT,Công ty Cổ phần Bất động sản cho thuê Minh Bảo Tín,2025-03-19T00:00:00
MCC,Công ty Cổ phần Gạch ngói cao cấp,2010-04-26T00:00:00
MCF,Công ty Cổ phần Xây lắp Cơ khí và Lương thực Thực phẩm,2011-02-14T00:00:00
MCG,Công ty Cổ phần Năng lượng và Bất động sản MCG,2009-09-24T00:00:00
MCM,Công ty Cổ phần Giống bò sữa Mộc Châu,2020-12-18T00:00:00
MCO,Công ty Cổ phần Đầu tư và Xây dựng BDC Việt Nam,2006-12-21T00:00:00
MDA,Công ty Cổ phần Môi trường Đô thị Đông Anh,2018-01-10T00:00:00
MEL,Công ty Cổ phần Thép Mê Lin,2017-09-27T00:00:00
MES,Công ty Cổ phần Cơ điện Công trình,2016-12-12T00:00:00
MH3,Công ty Cổ phần Khu công nghiệp Cao su Bình Long,2017-03-06T00:00:00
MIC,Công ty Cổ phần Kỹ nghệ Khoáng sản Quảng Nam,2007-12-21T00:00:00
MIG,Tổng Công ty Cổ phần Bảo hiểm Quân đội,2017-05-05T00:00:00
MLC,Công ty Cổ phần Môi trường Đô thị Tỉnh Lào Cai,2017-05-23T00:00:00
MML,Công ty Cổ phần Masan MEATLife,2019-12-09T00:00:00
MPC,Công ty Cổ phần Tập đoàn Thủy sản Minh Phú,2017-10-16T00:00:00
MPT,Công ty Cổ phần Tập đoàn MPT,2016-01-15T00:00:00
MQB,Công ty Cổ phần Môi trường và Phát triển đô thị Quảng Bình,2017-11-08T00:00:00
MSB,Ngân hàng Thương mại Cổ phần Hàng Hải Việt Nam,2020-12-23T00:00:00
MSN,Công ty Cổ phần Tập đoàn Masan,2009-11-05T00:00:00
MTP,Công ty Cổ phần Dược Medipharco,2010-09-23T00:00:00
NAB,Ngân hàng Thương mại Cổ phần Nam Á,2020-10-09T00:00:00
NAF,Công ty Cổ phần Nafoods Group,2015-10-07T00:00:00
NAG,Công ty Cổ phần Tập đoàn Nagakawa,2009-09-22T00:00:00
NAS,Công ty Cổ phần Dịch vụ Hàng không Sân bay Việt Nam,2017-01-25T00:00:00
ND2,Công ty Cổ phần Đầu tư và Phát triển điện Miền Bắc 2,2010-07-22T00:00:00
NDC,Công ty Cổ phần Nam Dược,2010-03-11T00:00:00
NDP,Công ty Cổ phần Dược phẩm 2/9,2013-04-09T00:00:00
NDT,Tổng Công ty Cổ phần Dệt may Nam Định,2018-09-11T00:00:00
NDX,Công ty Cổ phần Xây lắp Phát triển Nhà Đà Nẵng,2013-07-17T00:00:00
NFC,Công ty Cổ phần Phân lân Ninh Bình,2014-03-03T00:00:00
NHA,Tổng Công ty Đầu tư Phát triển Nhà và Đô thị Nam Hà Nội,2010-07-13T00:00:00
NHH,Công ty Cổ phần Nhựa Hà Nội,2017-09-08T00:00:00
NHT,Công ty Cổ phần Sản xuất và Thương mại Nam Hoa,2017-12-01T00:00:00
NJC,Công ty Cổ phần May Nam Định,2020-12-23T00:00:00
NLG,Công ty Cổ phần Đầu tư Nam Long,2013-04-08T00:00:00
NNT,Công ty Cổ phần Cấp nước Ninh Thuận,2012-06-22T00:00:00
NSC,Công ty Cổ phần Tập đoàn Giống cây trồng Việt Nam,2006-12-21T00:00:00
NSG,Công ty Cổ phần Nhựa Sài Gòn,2016-05-19T00:00:00
NTF,Công ty Cổ phần Dược - Vật tư y tế Nghệ An,2019-07-04T00:00:00
NTH,Công ty Cổ phần Thủy điện Nước Trong,2019-06-19T00:00:00
NUE,Công ty Cổ phần Môi trường Đô thị Nha Trang,2017-02-20T00:00:00
NVL,Công ty Cổ phần Tập đoàn Đầu tư Địa ốc No Va,2016-12-28T00:00:00
OIL,Tổng Công ty Dầu Việt Nam - Công ty Cổ phần,2018-03-07T00:00:00
ONE,Công ty Cổ phần Công nghệ ONE,2008-06-24T00:00:00
ONW,Công ty Cổ phần Dịch vụ Một Thế giới,2017-02-17T00:00:00
PAP,Công ty Cổ phần Dầu khí đầu tư khai thác Cảng Phước An,2021-07-14T00:00:00
PBC,Công ty Cổ phần Dược Phẩm Trung ương 1 - Pharbaco,2019-11-26T00:00:00
PC1,Công ty Cổ phần Tập đoàn PC1,2016-11-16T00:00:00
PCC,Công ty Cổ phần Tập đoàn Xây lắp 1 - Petrolimex,2017-11-14T00:00:00
PCH,Công ty Cổ phần Picomat Holding,2022-07-28T00:00:00
PCM,Công ty Cổ phần Vật liệu Xây dựng Bưu điện,2017-08-10T00:00:00
PCT,Công ty Cổ phần Vận tải Biển Global Pacific,2011-09-12T00:00:00
PEG,Tổng Công ty Thương mại Kỹ thuật và Đầu tư - Công ty Cổ phần,2018-11-05T00:00:00
PGB,Ngân hàng Thương mại Cổ phần Thịnh vượng và Phát triển,2020-12-24T00:00:00
PGD,Công ty Cổ phần Phân phối khí thấp áp dầu khí Việt Nam,2009-11-26T00:00:00
PGT,Công ty Cổ phần PGT Holdings,2009-12-25T00:00:00
PGV,Tổng Công ty Phát điện 3 - Công ty Cổ phần,2018-03-21T00:00:00
PHC,Công ty Cổ phần Xây dựng Phục Hưng Holdings,2009-11-05T00:00:00
PIC,Công ty Cổ phần Đầu tư Điện lực 3,2015-08-05T00:00:00
PIS,Tổng Công ty Pisico Bình Định - Công ty Cổ phần,2016-01-12T00:00:00
PJC,Công ty Cổ phần Thương mại và Vận tải Petrolimex Hà Nội,2006-12-25T00:00:00
PLP,Công ty Cổ phần Sản xuất và Công nghệ Nhựa Pha Lê,2017-08-21T00:00:00
PNC,Công ty Cổ phần Văn hóa Phương Nam,2005-07-11T00:00:00
PND,Công ty Cổ phần Xăng dầu Dầu khí Nam Định,2017-02-20T00:00:00
PNP,Công ty Cổ phần Tân Cảng – Phú Hữu,2019-05-17T00:00:00
POS,Công ty Cổ phần Vận hành và Xây lắp PTSC,2016-11-25T00:00:00
POV,Công ty Cổ phần Xăng dầu Dầu khí Vũng Áng,2010-09-23T00:00:00
POW,Tổng Công ty Điện lực Dầu khí Việt Nam - CTCP,2018-03-06T00:00:00
PPH,Tổng Công ty Cổ phần Phong Phú,2017-08-23T00:00:00
PPP,Công ty Cổ phần Dược phẩm Phong Phú,2011-07-18T00:00:00
PRE,Tổng Công ty Cổ phần Tái bảo hiểm Hà Nội,2020-12-24T00:00:00
PRO,Công ty Cổ phần Procimex Việt Nam,2014-10-10T00:00:00
PSB,Công ty Cổ phần Đầu tư Dầu khí Sao Mai Bến Đình,2010-02-25T00:00:00
PTI,Tổng Công ty Cổ phần Bảo hiểm Bưu điện,2011-03-02T00:00:00
PTL,Công ty Cổ phần Victory Group,2010-09-22T00:00:00
PTM,"Công ty Cổ phần Sản xuất, Thương mại Và Dịch vụ Ô tô PTM",2025-08-22T00:00:00
PTO,Công ty Cổ phần Dịch vụ - Xây dựng Công trình Bưu điện,2017-06-20T00:00:00
PTS,Công ty Cổ phần Vận tải và Dịch vụ Petrolimex Hải Phòng,2006-12-01T00:00:00
PV2,Công ty Cổ phần Đầu tư PV2,2010-12-16T00:00:00
PVH,Công ty Cổ phần Xây lắp Dầu khí Thanh Hóa,2017-05-19T00:00:00
PVL,Công ty Cổ phần Địa ốc Dầu khí,2010-04-15T00:00:00
PVO,Công ty Cổ phần Dầu nhờn PV Oil,2016-01-12T00:00:00
PVR,Công ty Cổ phần Đầu tư PVR Hà Nội,2010-06-21T00:00:00
PVT,Tổng Công ty Cổ phần Vận tải Dầu khí,2007-12-10T00:00:00
PVV,Công ty Cổ phần Vinaconex 39,2010-09-09T00:00:00
PVY,Công ty Cổ phần Chế tạo Giàn khoan Dầu khí,2017-12-29T00:00:00
PXA,Công ty Cổ phần Đầu tư và Thương mại Dầu khí Nghệ An,2011-02-22T00:00:00
PXI,Công ty Cổ phần Xây dựng Công nghiệp và Dân dụng Dầu khí,2010-06-21T00:00:00
PXM,Công ty Cổ phần Xây lắp Dầu khí Miền Trung,2010-06-21T00:00:00
PXS,Công ty Cổ phần Kết cấu Kim loại và Lắp máy Dầu khí,2010-06-02T00:00:00
QHD,Công ty Cổ phần Que hàn điện Việt Đức,2010-04-22T00:00:00
QNC,Công ty Cổ phần Xi măng và Xây dựng Quảng Ninh,2008-01-17T00:00:00
QNW,Công ty Cổ phần Cấp thoát nước và xây dựng Quảng Ngãi,2016-12-26T00:00:00
QPH,Công ty Cổ phần Thủy điện Quế Phong,2014-07-11T00:00:00
QST,Công ty Cổ phần Sách và Thiết bị trường học Quảng Ninh,2009-02-16T00:00:00
QTC,Công ty Cổ phần Công trình Giao thông Vận tải Quảng Nam,2009-01-16T00:00:00
RAT,Công ty Cổ phần Vận tải và Thương mại Đường sắt,2016-08-15T00:00:00
RIC,Công ty Cổ phần Quốc Tế Hoàng Gia,2007-07-31T00:00:00
RYG,Công ty Cổ phần Sản xuất và Đầu tư Hoàng Gia,2024-12-12T00:00:00
S12,Công ty Cổ phần Sông Đà 12,2008-01-16T00:00:00
S72,Công ty Cổ phần Sông Đà 7.02,2018-05-22T00:00:00
S99,Công ty Cổ phần SCI,2006-12-22T00:00:00
SAC,Công ty Cổ phần Xếp dỡ và Dịch vụ cảng Sài Gòn,2016-11-08T00:00:00
SAL,Công ty Cổ phần Trục vớt Cứu hộ Việt Nam,2017-10-20T00:00:00
SAM,Công ty Cổ phần SAM Holdings,2000-07-28T00:00:00
SAS,Công ty Cổ phần Dịch vụ Hàng không Sân bay Tân Sơn Nhất,2015-04-16T00:00:00
SAV,Công ty Cổ phần Hợp tác Kinh tế và Xuất nhập khẩu Savimex,2002-05-09T00:00:00
SBA,Công ty Cổ phần Sông Ba,2010-06-01T00:00:00
SBB,Công ty Cổ phần Tập đoàn Bia Sài Gòn Bình Tây,2023-12-12T00:00:00
SBV,Công ty Cổ phần Siam Brothers Việt Nam,2017-05-16T00:00:00
SC5,Công ty Cổ phần Xây dựng số 5,2007-10-18T00:00:00
SCG,Công ty Cổ phần Tập đoàn Xây dựng SCG,2021-04-12T00:00:00
SCL,Công ty Cổ phần Sông Đà Cao Cường,2010-09-15T00:00:00
SD2,Công ty Cổ phần Sông Đà 2,2007-11-30T00:00:00
SD3,Công ty Cổ phần Sông Đà 3,2006-12-25T00:00:00
SD4,Công ty Cổ phần Sông Đà 4,2008-06-25T00:00:00
SD6,Công ty Cổ phần Sông Đà 6,2006-12-25T00:00:00
SDU,Công ty Cổ phần Đầu tư Xây dựng và Phát triển Đô thị Sông Đà,2009-09-28T00:00:00
SFI,Công ty Cổ phần Đại lý Vận tải SAFI,2006-12-29T00:00:00
SFN,Công ty Cổ phần Dệt lưới Sài Gòn,2006-11-29T00:00:00
SGD,Công ty Cổ phần Sách Giáo dục tại Thành phố Hồ Chí Minh,2006-12-28T00:00:00
SGH,Công ty Cổ phần Khách sạn Sài Gòn,2001-07-13T00:00:00
SGI,Công ty Cổ phần Đầu tư SGI Holdings,2021-09-14T00:00:00
SGS,Công ty Cổ phần Vận tải biển Sài Gòn,2010-12-22T00:00:00
SHN,Công ty Cổ phần Đầu tư Tổng hợp Hà Nội,2009-12-16T00:00:00
SHS,Công ty Cổ phần Chứng khoán Sài Gòn - Hà Nội,2009-06-25T00:00:00
SID,Công ty Cổ phần Đầu tư Phát triển Sài Gòn Co.op,2017-01-09T00:00:00
SJM,Công ty Cổ phần Sunspace Holdings,2008-01-10T00:00:00
SMA,Công ty Cổ phần Thiết bị Phụ tùng Sài Gòn,2010-10-19T00:00:00
SMT,Công ty Cổ phần SAMETEL,2010-07-30T00:00:00
SPD,Công ty Cổ phần Xuất nhập khẩu Thủy sản Miền Trung,2010-04-22T00:00:00
SRF,Công ty Cổ phần Searefico,2009-10-21T00:00:00
SSB,Ngân hàng Thương mại Cổ phần Đông Nam Á,2021-03-24T00:00:00
SSF,Công ty Cổ phần Giáo dục G Sài Gòn,2010-04-20T00:00:00
SSH,Công ty Cổ phần Phát triển Sunshine Homes,2021-08-04T00:00:00
SSN,Công ty Cổ phần Xuất nhập khẩu Thủy sản Sài Gòn,2013-10-15T00:00:00
STB,Ngân hàng Thương mại Cổ phần Sài Gòn Thương Tín,2006-07-12T00:00:00
STC,Công ty Cổ phần Sách và Thiết bị trường học Thành phố Hồ Chí Minh,2006-12-27T00:00:00
STG,Công ty Cổ phần Kho Vận Miền Nam,2010-03-02T00:00:00
STL,Công ty Cổ phần Sông Đà - Thăng Long,2008-09-23T00:00:00
STT,Công ty Cổ phần Vận chuyển Sài Gòn Tourist,2011-07-08T00:00:00
SVC,Công ty Cổ phần Dịch vụ tổng hợp Sài Gòn,2006-12-21T00:00:00
SVG,Công ty Cổ phần Hơi kỹ nghệ Que hàn,2016-04-06T00:00:00
SVH,Công ty Cổ phần Thủy điện Sông Vàng,2017-12-28T00:00:00
SWC,Tổng Công ty Cổ phần Đường Sông Miền Nam,2011-04-29T00:00:00
SZG,Công ty Cổ phần Sonadezi Giang Điền,2021-12-27T00:00:00
TAN,Công ty Cổ phần Cà phê Thuận An,2019-06-10T00:00:00
TAR,Công ty Cổ phần Nông nghiệp Công nghệ cao Trung An,2019-02-20T00:00:00
TBC,Công ty Cổ phần Thủy điện Thác Bà,2009-10-19T00:00:00
TBR,Công ty Cổ phần Địa ốc Tân Bình,2022-07-20T00:00:00
TBW,Công ty cổ phần Nước sạch Thái Bình,2024-01-09T00:00:00
TCI,Công ty Cổ phần Chứng khoán Thành Công,2018-09-05T00:00:00
TCJ,Công ty Cổ phần Tô Châu,2017-11-24T00:00:00
TCW,Công ty Cổ phần Kho Vận Tân Cảng,2017-06-26T00:00:00
TD6,Công ty Cổ Phần Than Đèo Nai - Cọc Sáu - TKV,2025-06-16T00:00:00
TDC,Công ty Cổ phần Kinh doanh và Phát triển Bình Dương,2010-05-04T00:00:00
TDF,Công ty Cổ phần Trung Đô,2020-05-12T00:00:00
TDS,Công ty Cổ phần Thép Thủ Đức - VNSTEEL,2011-10-06T00:00:00
TDT,Công ty Cổ phần Đầu tư và Phát triển TDT,2018-07-18T00:00:00
TDW,Công ty Cổ phần Cấp nước Thủ Đức,2010-11-11T00:00:00
TET,Công ty Cổ phần Vải sợi May mặc Miền Bắc,2010-04-28T00:00:00
TFC,Công ty Cổ phần Trang,2015-12-03T00:00:00
TGG,Công ty Cổ phần The Golden Group,2018-05-25T00:00:00
TH1,Công ty Cổ phần Xuất nhập khẩu Tổng hợp I Việt Nam,2009-11-11T00:00:00
THG,Công ty Cổ phần Đầu tư và Xây dựng Tiền Giang,2011-07-28T00:00:00
THN,Công ty Cổ phần Cấp nước Thanh Hóa,2017-10-05T00:00:00
THP,Công ty Cổ phần Thủy sản và Thương mại Thuận Phước,2019-11-18T00:00:00
THT,Công ty Cổ phần Than Hà Tu - Vinacomin,2008-10-24T00:00:00
THW,Công ty Cổ phần Cấp nước Tân Hòa,2016-03-01T00:00:00
TJC,Công ty Cổ phần Dịch vụ Vận tải và Thương mại,2007-12-17T00:00:00
TL4,Tổng Công ty Xây dựng Thủy lợi 4 - Công ty Cổ phần,2015-02-04T00:00:00
TLP,Tổng Công ty Thương mại Xuất nhập khẩu Thanh Lễ - CTCP,2017-12-08T00:00:00
TMB,Công ty Cổ phần Kinh doanh Than Miền Bắc - Vinacomin,2017-01-16T00:00:00
TMT,Công ty Cổ phần Ô tô TMT,2010-01-22T00:00:00
TNB,Công ty Cổ phần Thép Nhà Bè - VNSTEEL,2010-04-16T00:00:00
TNC,Công ty Cổ phần Cao su Thống Nhất,2007-08-22T00:00:00
TNP,Công ty Cổ phần Cảng Thị Nại,2016-12-23T00:00:00
TNS,Công ty Cổ phần Thép tấm lá Thống Nhất,2017-01-06T00:00:00
TNT,Công ty Cổ phần Tập đoàn TNT,2010-05-21T00:00:00
TNV,Công ty Cổ phần Thống Nhất Hà Nội,2024-11-08T00:00:00
TNW,Công ty Cổ phần Nước sạch Thái Nguyên,2017-05-26T00:00:00
TOP,Công ty Cổ phần Phân phối Top One,2015-07-23T00:00:00
TPB,Ngân hàng Thương mại Cổ phần Tiên Phong,2018-04-19T00:00:00
TPP,Công ty Cổ phần Tân Phú Việt Nam,2008-09-26T00:00:00
TQN,Công ty Cổ phần Thông Quảng Ninh,2017-02-08T00:00:00
TRC,Công ty Cổ phần Cao su Tây Ninh,2007-07-24T00:00:00
TRS,Công ty Cổ phần Vận tải và Dịch vụ Hàng Hải,2015-09-18T00:00:00
TRV,Công ty Cổ Phần Vận tải Đường sắt,2025-06-19T00:00:00
TS3,Công ty Cổ phần Trường Sơn 532,2018-01-19T00:00:00
TSG,Công ty Cổ phần Thông tin Tín hiệu Đường sắt Sài Gòn,2017-04-18T00:00:00
TST,Công ty Cổ phần Dịch vụ Kỹ thuật Viễn thông,2007-12-13T00:00:00
TT6,Công ty Cổ Phần Tập Đoàn Tiến Thịnh,2024-08-02T00:00:00
TTC,Công ty Cổ phần Gạch men Thanh Thanh,2006-08-08T00:00:00
TTF,Công ty Cổ phần Tập đoàn Kỹ nghệ Gỗ Trường Thành,2008-02-18T00:00:00
TTN,Công ty Cổ phần Công nghệ & Truyền thông Việt Nam,2017-04-19T00:00:00
TTZ,Công ty Cổ phần Đầu tư Xây dựng và Công nghệ Tiến Trung,2013-01-29T00:00:00
TV1,Công ty Cổ phần Tư vấn Xây dựng Điện 1,2010-09-23T00:00:00
TVG,Công ty Cổ phần Tư vấn Đầu tư và Xây dựng Giao thông Vận tải,2010-01-25T00:00:00
TVH,Công ty Cổ phần Tư vấn Xây dựng công trình Hàng hải,2019-01-17T00:00:00
TVN,Tổng Công ty Thép Việt Nam - Công ty Cổ phần,2016-01-18T00:00:00
TXM,Công ty Cổ phần VICEM Thạch cao Xi Măng,2006-12-11T00:00:00
UDC,Công ty Cổ phần Đầu tư Xây dựng UDCons,2010-07-05T00:00:00
UEM,Công ty Cổ phần Cơ điện Uông Bí - Vinacomin,2015-09-24T00:00:00
UIC,Công ty Cổ phần Đầu tư Phát triển Nhà và Đô thị IDICO,2007-11-12T00:00:00
UNI,Công ty Cổ phần Đầu tư và Phát triển Sao Mai Việt,2006-05-30T00:00:00
UPH,Công ty Cổ phần Dược phẩm TW25,2016-12-29T00:00:00
VBB,Ngân hàng Thương mại Cổ phần Việt Nam Thương Tín,2019-07-30T00:00:00
VBG,Công ty Cổ phần Địa chất Việt Bắc - TKV,2017-03-24T00:00:00
VBT,Công ty Cổ phần Vận tải Bảo Thắng,2026-05-04T00:00:00
VC6,Công ty cổ phần Xây dựng và Đầu tư Visicons,2008-01-28T00:00:00
VCA,Công ty Cổ phần Thép VICASA,2011-02-21T00:00:00
VCC,Công ty Cổ phần Vinaconex 25,2009-02-05T00:00:00
VCG,Tổng Công ty Cổ phần Xuất nhập khẩu và Xây dựng Việt Nam,2008-09-05T00:00:00
VCI,Công ty Cổ phần Chứng khoán Vietcap,2017-07-07T00:00:00
VCK,Công ty Cổ phần Chứng Khoán VPS,2025-12-16T00:00:00
VCM,Công ty Cổ phần BV Life,2010-05-11T00:00:00
VCP,Công ty Cổ phần Xây dựng và Năng lượng VCP,2016-12-16T00:00:00
VDS,Công ty Cổ phần Chứng khoán Rồng Việt,2010-05-25T00:00:00
VE8,Công ty Cổ phần Xây dựng Điện Vneco 8,2012-08-27T00:00:00
VE9,Công ty Cổ phần Đầu tư và Xây dựng VNECO 9,2008-01-23T00:00:00
VEF,Công ty Cổ phần Trung tâm Hội chợ Triển lãm Việt Nam,2015-12-22T00:00:00
VES,Công ty Cổ phần Tập đoàn VinaLiving,2010-04-14T00:00:00
VET,Công ty Cổ phần Thuốc Thú y Trung ương NAVETCO,2017-12-13T00:00:00
VFC,Công ty Cổ phần VINAFCO,2006-06-26T00:00:00
VFG,Công ty Cổ phần Khử trùng Việt Nam,2009-12-17T00:00:00
VGV,Tổng Công ty Tư vấn Xây dựng Việt Nam - CTCP,2017-07-17T00:00:00
VHC,Công ty Cổ phần Vĩnh Hoàn,2007-12-24T00:00:00
VHL,Công ty Cổ phần Viglacera Hạ Long,2009-02-12T00:00:00
VHM,Công ty Cổ phần Vinhomes,2018-05-17T00:00:00
VIE,Công ty Cổ phần Công nghệ Viễn thông VI TE CO,2011-05-06T00:00:00
VIF,Tổng Công ty Lâm nghiệp Việt Nam - Công ty Cổ phần,2017-01-12T00:00:00
VIG,Công ty Cổ phần Chứng khoán Đầu tư Tài chính Việt Nam,2009-12-01T00:00:00
VIN,Công ty Cổ phần Giao nhận Kho vận Ngoại thương Việt Nam,2014-09-04T00:00:00
VJC,Công ty Cổ phần Hàng không Vietjet,2017-02-28T00:00:00
VKC,Công ty Cổ phần VKC Holdings,2010-12-08T00:00:00
VKP,Công ty Cổ phần Nhựa Tân Hóa,2008-03-31T00:00:00
VLB,Công ty Cổ phần Xây dựng và Sản xuất Vật liệu Xây dựng Biên Hòa,2016-09-22T00:00:00
VLC,Tổng Công ty Chăn nuôi Việt Nam - Công ty Cổ phần,2015-10-26T00:00:00
VLS,Công ty Cổ phần Sản xuất Thép Việt Long,2025-12-15T00:00:00
VMA,Công ty Cổ phần Công nghiệp Ô tô - Vinacomin,2015-08-28T00:00:00
VMD,Công ty Cổ phần Y Dược phẩm Vimedimex,2010-09-30T00:00:00
VMG,Công ty Cổ phần Thương mại và Dịch vụ Dầu khí Vũng Tàu,2017-10-11T00:00:00
VNG,Công ty Cổ phần Du Lịch Thành Thành Công,2009-12-17T00:00:00
VNH,Công ty Cổ phần Đầu tư Việt Việt Nhật,2010-04-08T00:00:00
VNI,Công ty Cổ phần Đầu tư Bất động sản Việt Nam,2009-09-09T00:00:00
VNL,Công ty Cổ phần Logistics Vinalink,2009-08-17T00:00:00
VNP,Công ty Cổ phần Nhựa Việt Nam,2015-08-18T00:00:00
VNR,Tổng Công ty Cổ phần Tái bảo hiểm Quốc gia Việt Nam,2006-03-13T00:00:00
VNX,Công ty Cổ phần Quảng cáo và Hội chợ Thương mại Vinexad,2010-06-10T00:00:00
VNY,Công ty Cổ phần Thuốc thú y Trung ương I,2018-08-03T00:00:00
VOS,Công ty Cổ phần Vận tải Biển Việt Nam,2010-09-08T00:00:00
VPA,Công ty Cổ phần Vận tải Hóa dầu VP,2016-01-27T00:00:00
VPG,Công ty Cổ phần Đầu tư Thương mại Xuất nhập khẩu Việt Phát,2018-01-18T00:00:00
VPH,Công ty Cổ phần Vạn Phát Hưng,2009-09-09T00:00:00
VPW,Công ty Cổ phần Cấp thoát nước số 1 Vĩnh Phúc,2017-11-13T00:00:00
VPX,Công ty Cổ phần Chứng khoán VPBank,2025-12-11T00:00:00
VQC,Công ty Cổ phần Giám định Vinaconmin,2010-02-26T00:00:00
VRE,Công ty Cổ phần Vincom Retail,2017-11-06T00:00:00
VRG,Công ty Cổ phần Phát triển Đô thị và Khu Công nghiệp Cao Su Việt Nam,2014-11-10T00:00:00
VSF,Tổng Công ty Lương thực Miền Nam - Công ty Cổ phần,2018-04-23T00:00:00
VSH,Công ty Cổ phần Thủy điện Vĩnh Sơn - Sông Hinh,2006-07-18T00:00:00
VSI,Công ty Cổ phần Đầu tư và Xây dựng Cấp thoát nước,2010-12-24T00:00:00
VST,Công ty Cổ phần Vận tải và Thuê Tàu biển Việt Nam,2009-02-26T00:00:00
VTA,Công ty Cổ phần VITALY,2006-12-29T00:00:00
VTD,Công ty Cổ phần Vietourist Holdings,2019-11-06T00:00:00
VTH,Công ty Cổ phần Dây cáp điện Việt Thái,2014-10-29T00:00:00
VTX,Công ty Cổ phần Vận tải Đa phương thức VIETRANSTIMEX,2014-05-15T00:00:00
VVS,Công ty Cổ phần Đầu tư Phát triển Máy Việt Nam,2022-10-07T00:00:00
VXB,Công ty Cổ phần Vật liệu xây dựng Bến Tre,2010-06-22T00:00:00
VXP,Công ty Cổ phần Thuốc Thú y Trung ương VETVACO,2019-08-19T00:00:00
X20,Công ty Cổ phần X20,2018-02-05T00:00:00
X26,Công ty Cổ phần 26,2018-07-09T00:00:00
XMC,Công ty cổ phần Đầu tư và Xây dựng Xuân Mai,2007-12-20T00:00:00
XPH,Công ty Cổ phần Xà phòng Hà Nội,2014-11-25T00:00:00
YTC,Công ty Cổ phần Xuất nhập khẩu Y tế Thành phố Hồ Chí Minh,2017-08-03T00:00:00
