trading_date,selected_symbols,selected_count,daily_return,benchmark_return,avg_buy_probability,daily_cost_rate,daily_return_net,cumulative_return,cumulative_return_net,benchmark_cumulative_return
2024-10-18,,0,0.0,-0.026741906882864125,0.0,0.0,0.0,0.0,0.0,-0.026741906882864153
2024-10-21,,0,0.0,-0.01813151679090099,0.0,0.0,0.0,0.0,0.0,-0.04438855234009775
2024-10-22,,0,0.0,-0.0006781721996456495,0.0,0.0,0.0,0.0,0.0,-0.04503662145756382
2024-10-23,,0,0.0,-0.005629355563389474,0.0,0.0,0.0,0.0,0.0,-0.05041244986539495
2024-10-24,,0,0.0,0.007450218309215899,0.0,0.0,0.0,0.0,0.0,-0.043337815313178596
2024-10-25,,0,0.0,0.0001638614216401273,0.0,0.0,0.0,0.0,0.0,-0.04318105528756644
2024-10-28,,0,0.0,-0.009061184650014825,0.0,0.0,0.0,0.0,0.0,-0.05185096842223813
2024-10-29,,0,0.0,-0.01296780871473752,0.0,0.0,0.0,0.0,0.0,-0.06414638369680226
2024-10-30,,0,0.0,0.00046733339688973284,0.0,0.0,0.0,0.0,0.0,-0.06370902804730383
2024-10-31,,0,0.0,0.0039617063155109435,0.0,0.0,0.0,0.0,0.0,-0.059999718190563045
2024-11-01,,0,0.0,0.005544948268857918,0.0,0.0,0.0,0.0,0.0,-0.05478746525521794
2024-11-04,,0,0.0,0.018937280398114355,0.0,0.0,0.0,0.0,0.0,-0.03688771044894368
2024-11-05,,0,0.0,0.01937780383084795,0.0,0.0,0.0,0.0,0.0,-0.018224709434944586
2024-11-06,,0,0.0,0.005689622618273179,0.0,0.0,0.0,0.0,0.0,-0.012638778535683848
2024-11-07,,0,0.0,-0.006009959961224494,0.0,0.0,0.0,0.0,0.0,-0.018572779943950013
2024-11-08,,0,0.0,-0.023725865231479435,0.0,0.0,0.0,0.0,0.0,-0.041857989901505355
2024-11-11,"VOS,TRC",2,-0.032865978342034474,-0.027251917661777418,0.38889646530151367,0.004,-0.03686597834203448,-0.03286597834203442,-0.03686597834203442,-0.0679691970689994
2024-11-12,"VOS,HAG",2,-0.030023745562697823,-0.037170310560027946,0.3729286193847656,0.004,-0.03402374556269783,-0.06190296413332186,-0.06963540523770295,-0.10261307146545695
2024-11-13,VOS,1,-0.10102301790281332,-0.030221168075262293,0.36641255021095276,0.004,-0.10502301790281332,-0.1566723577822574,-0.16734510272956737,-0.12973315266124275
2024-11-14,,0,0.0,-0.007157973111673767,0.0,0.0,0.0,-0.1566723577822574,-0.16734510272956737,-0.1359624993544747
2024-11-15,"VOS,ITD",2,-0.0385931309761402,0.0031574167388333575,0.35982927680015564,0.004,-0.0425931309761402,-0.18921901193416635,-0.2028104818269315,-0.13323437288695683
2024-11-18,"ANT,CSM,VOS",3,-0.013640112786863426,0.007077565478845202,0.40909019112586975,0.004,-0.017640112786863428,-0.20027815605682886,-0.21687299484000977,-0.12709978240625186
2024-11-19,"VOS,CTR",2,0.01859819592220119,0.026822658036720907,0.39818650484085083,0.004,0.014598195922201188,-0.18540477251990972,-0.20544075338671752,-0.10368627836955535
2024-11-20,,0,0.0,0.01845231813974204,0.0,0.0,0.0,-0.18540477251990972,-0.20544075338671752,-0.08714721242501422
2024-11-21,VOS,1,0.016358463726884764,0.012621170318740235,0.37324759364128113,0.004,0.012358463726884764,-0.1720792460390832,-0.19562122175858643,-0.0756259419170936
2024-11-22,"CSM,VOS",2,0.05792583606075008,0.024696506803032696,0.3937523365020752,0.004,0.053925836060750076,-0.12412124417385062,-0.15224442363239366,-0.052797131703102185
2024-11-25,"VOS,CSM",2,0.03455422036410083,0.014603526465821293,0.36362719535827637,0.004,0.03055422036410083,-0.09385593663279945,-0.12634191293716246,-0.03896462954742663
2024-11-26,"NHA,CSM,VOS",3,0.02172333589776169,0.010813496536598495,0.399831622838974,0.004,0.01772333589776169,-0.07417146477251102,-0.11085777720035184,-0.028572476897489096
2024-11-27,"CSM,VOS",2,0.022064454388939114,0.00436980818572341,0.3713557720184326,0.004,0.018064454388939114,-0.053743563285005624,-0.09479590807130756,-0.024327524955198854
2024-11-28,"CSM,NHA,DBD",3,0.044140818340778876,0.025575489403258458,0.390954852104187,0.004,0.04014081834077887,-0.01197502980817644,-0.05846027505586826,0.000625776091360386
2024-11-29,"DBD,VOS,NHA,MIG",4,0.04922688255591573,0.01822388012025401,0.38399186730384827,0.004,0.045226882555915726,0.03666235936176854,-0.015877368494090827,0.018861060280085606
2024-12-02,CSM,1,0.06025934401220456,0.02593478066477317,0.37384283542633057,0.004,0.05625934401220456,0.09913095309905295,0.0394887251819962,0.045284998406327936
2024-12-03,"IMP,CSM,VOS,NHA",4,0.02899878957985072,0.020889722714926135,0.38023489713668823,0.004,0.02499878957985072,0.1310044203286731,0.06547468509344823,0.06712071218110816
2024-12-04,"NHA,VOS,CSM",3,0.03889008451177519,0.030392220030733868,0.3681677281856537,0.004,0.03489008451177519,0.17498927781844653,0.10264918690151581,0.09955287966506976
2024-12-05,"NHA,L14,ANV,CSM,VCI",5,0.03848300084785208,0.008221439965077114,0.3891807794570923,0.004,0.03448300084785208,0.22020639119295082,0.1406718397483242,0.10859278765366365
2024-12-06,"CSV,VDS,CSM,VOS",4,0.009785771424900142,0.002075077506387439,0.4101223051548004,0.004,0.005785771424900141,0.23214705202836727,0.14727150628392827,0.11089320361106703
2024-12-09,"VOS,NHA,CSM,CTI,TDC",5,-0.004552296569165804,-0.006111931530380308,0.3749934136867523,0.004,-0.008552296569165804,0.2265379532307108,0.1374597001168345,0.10410350041303151
2024-12-10,"VDS,NHA,CSM",3,0.0055169373583695185,-0.0027584028019196857,0.3666597604751587,0.004,0.0015169373583695184,0.23330468628634726,0.13918515522958153,0.10105793822388298
2024-12-11,"AVG,VDS,HAG",3,0.048147432456611274,0.004714971561582546,0.3732137978076935,0.004,0.04414743245661128,0.2926851403677415,0.18947725492565382,0.10624939509026343
2024-12-12,"VOS,VDS",2,0.0055274565948086885,-0.008928456729506474,0.3664582371711731,0.004,0.0015274565948086884,0.29983040137187844,0.19129412980306504,0.09637229523415725
2024-12-13,CSM,1,0.028591851322373074,0.007387819541282144,0.355358362197876,0.004,0.024591851322373074,0.33699495895220366,0.2205902579243979,0.10447209590140849
2024-12-16,,0,0.0,0.016411603445302396,0.0,0.0,0.0,0.33699495895220366,0.2205902579243979,0.12259825395574442
2024-12-17,CSM,1,0.1225806451612903,0.01552343381120689,0.3622026741504669,0.004,0.1185806451612903,0.5008846635979576,0.3653286381866587,0.14002483364760288
2024-12-18,NHA,1,-0.030603448275862144,0.013984152843595462,0.3675318956375122,0.004,-0.03460344827586215,0.4549524174275028,0.31808355927561327,0.1559671151668256
2024-12-19,CSM,1,0.08628005657708626,0.01928235916559354,0.3550456166267395,0.004,0.08228005657708626,0.5804857943201163,0.426535549106138,0.17825688826508723
2024-12-20,VOS,1,0.03316326530612246,0.011569739734428222,0.3689475357532501,0.004,0.029163265306122458,0.6328998640297119,0.4681379837933355,0.1918890138026117
2024-12-23,"CSM,TTN",2,0.009976112155388461,-0.0015693537694473857,0.39593708515167236,0.004,0.005976112155388461,0.649189856211791,0.4769117410440704,0.19001851828603766
2024-12-24,"GEE,TTN",2,0.022406115221431322,-0.0064871579895323895,0.3739672303199768,0.004,0.018406115221431322,0.686141794152088,0.5040959487216126,0.18229868014744688
2024-12-25,,0,0.0,-0.006262659244720445,0.0,0.0,0.0,0.686141794152088,0.5040959487216126,0.17489434638820067
2024-12-26,"SBB,FCN",2,-0.045038588230827015,-0.02090451391016752,0.4248102903366089,0.004,-0.04903858823082702,0.6102003481864842,0.43033720683259813,0.15033375118115133
2024-12-27,TTN,1,0.0775119617224882,-0.029699820445075287,0.3580135405063629,0.004,0.0735119617224882,0.735010135940652,0.5354841008315268,0.11616904531916128
2024-12-30,TTN,1,0.078125,-0.030268750005836124,0.3606719672679901,0.004,0.074125,0.8705578028110155,0.6493018598056637,0.08238400352214281
2024-12-31,TTN,1,0.046973803071364006,-0.022271781563111426,0.3619292080402374,0.004,0.042973803071364,0.9584250166738635,0.7201786331341866,0.058277383428291696
2025-01-02,CSV,1,-0.06324371970030862,-0.032669208545344976,0.35127732157707214,0.004,-0.06724371970030862,0.8345669338652695,0.6045074232932512,0.02370429889025094
2025-01-03,TTN,1,0.01327231121281458,-0.03704691995543766,0.37285342812538147,0.004,0.00927231121281458,0.8589158771522682,0.6193849154652975,-0.014220792328773602
2025-01-06,L14,1,-0.005934718100890302,-0.016623478699705548,0.355390340089798,0.004,-0.009934718100890302,0.8478837354481004,0.6032967828333158,-0.030607871990108948
2025-01-07,SBB,1,0.0,-0.0144700790058391,0.35035058856010437,0.004,-0.004,0.8478837354481004,0.5968835957019825,-0.04463505267005052
2025-01-08,SBB,1,-0.007407407407407418,-0.01252720959745551,0.36383289098739624,0.004,-0.011407407407407418,0.8341957077781144,0.5786672939436042,-0.05660310960731474
2025-01-09,HDB,1,-0.02901915264074284,-0.007026220536683042,0.35108625888824463,0.004,-0.033019152640742844,0.780968902561106,0.5265410375959318,-0.06323162421283468
2025-01-10,"HDB,FCN",2,0.06310735195627293,0.023181130088231444,0.3582197427749634,0.004,0.059107351956272924,0.893361133918207,0.6167708359808088,-0.041516274631171135
2025-01-13,,0,0.0,0.022987016517509114,0.0,0.0,0.0,0.893361133918207,0.6167708359808088,-0.01948359340435435
2025-01-14,,0,0.0,0.022354477790684356,0.0,0.0,0.0,0.893361133918207,0.6167708359808088,0.0024353388302895684
2025-01-15,"FCN,CTI",2,0.006989287216408069,0.006882125003682656,0.3952305316925049,0.004,0.0029892872164080687,0.9065943786875457,0.6216038283726677,0.009334224140228553
2025-01-16,FCN,1,-0.03262316910785623,0.012389481077060675,0.3612953722476959,0.004,-0.036623169107856235,0.8443952278515339,0.5622155571402283,0.021839351410643637
2025-01-17,"CTI,TRC,FCN",3,0.023284917164022922,0.005130771572842257,0.3835911452770233,0.004,0.019284917164022922,0.8873418179497758,0.5923427547520257,0.0270821757068731
2025-01-20,"TRC,FCN",2,0.011679322731911745,-0.0015940725777139674,0.3979407548904419,0.004,0.007679322731911745,0.9093846921470445,0.604570868665588,0.025444932175519908
2025-01-21,"TRC,CTP,FCN",3,0.02873265856271523,0.014891348079450965,0.3915737569332123,0.004,0.02473265856271523,0.9642463905713807,0.6442561720999733,0.04071518959685472
2025-01-22,"FCN,CTI,TRC",3,0.02333231609155369,0.028832694713327507,0.367897629737854,0.004,0.01933231609155369,1.0100768082378857,0.6760434521544982,0.07072181294202351
2025-01-23,FCN,1,-0.00619408121128695,0.01682639915176184,0.3866351544857025,0.004,-0.01019408121128695,0.9976262292467357,0.6589577290895896,0.088738205547084
2025-01-24,"TDC,L14",2,0.01301797620052314,0.01380403779923404,0.39139336347579956,0.004,0.00901797620052314,1.0236312799566103,0.6739181704081934,0.10376718888992631
2025-02-03,TTN,1,-0.03133769878391013,0.014564575010374465,0.4501144289970398,0.004,-0.03533769878391013,0.9602153324556315,0.6147657543133946,0.11984308890650386
2025-02-04,"GEE,VPG",2,0.05936875514282347,-0.0013258414409511093,0.40689992904663086,0.004,0.05536875514282347,1.076590876555398,0.7041733239769896,0.11835835453186894
2025-02-05,"NHA,CTI",2,-0.004529445589151304,-0.0015283104485412705,0.3656630516052246,0.004,-0.008529445589151304,1.0671850711691122,0.6896376703356448,0.11664915577342438
2025-02-06,CSM,1,-0.011912225705329127,0.00463767761132444,0.45028114318847656,0.004,-0.015912225705329127,1.0425602960266587,0.6627517743650375,0.12182781456285907
2025-02-07,SHS,1,0.0069504778453519656,0.012706951931991664,0.36700475215911865,0.004,0.0029504778453519655,1.0567570661119876,0.6676576866376212,0.13608282667848037
2025-02-10,"AVG,SHS,TDC,CSM",4,-0.0015945769789717512,0.018016935466718856,0.37284308671951294,0.004,-0.005594576978971751,1.0534774086430279,0.658327847335153,0.15655155765159412
2025-02-11,"VPG,SHS",2,0.05726143781389759,0.011504534310855543,0.3646954894065857,0.004,0.05326143781389758,1.1710624775802843,0.746652772851049,0.16985714472887037
2025-02-12,"GEE,CTI,TDC",3,0.07329926333541281,0.025020354047186843,0.38950276374816895,0.004,0.06929926333541281,1.3301997578420752,0.867694523312383,0.199127384674618
2025-02-13,"TRC,GEE,CTI,CSM,VPG",5,0.03561604624697785,0.021425332318758455,0.3782210350036621,0.004,0.03161604624697785,1.4131922601820754,0.9267436397366546,0.2248190873837954
2025-02-14,"SHS,CTI,VPG",3,0.01402213362266976,0.017274693733152144,0.373575359582901,0.004,0.01002213362266976,1.4470303645115412,0.9460537219507246,0.24597746199686932
2025-02-17,"GEE,VPG,CTI,CSM",4,0.020879337104040885,0.019187329295589944,0.38215935230255127,0.004,0.016879337104040885,1.498122736396002,0.9789018187461045,0.26988444185508675
2025-02-18,"TDC,VPG",2,-0.03592350975655617,0.015332963922516379,0.4029178023338318,0.004,-0.039923509756556175,1.4083813999020052,0.8998971126781274,0.28935553418781557
2025-02-19,"MCO,VPG,CTI",3,-0.024291378188058488,0.008804060387099574,0.38462772965431213,0.004,-0.028291378188058488,1.3498784964958999,0.8461464049449501,0.3007070981712461
2025-02-20,"NVL,VPG,CSM",3,-0.006282908875993994,0.012410466486585624,0.3855574131011963,0.004,-0.010282908875993993,1.3351144240327582,0.8271626496911573,0.31684948002196434
2025-02-21,"THG,CTI,CLX,NVL",4,0.021303965603194974,0.009068588536395476,0.3541505038738251,0.004,0.017303965603194974,1.3848616214018765,0.8587798093328558,0.3287914461206498
2025-02-24,"GEE,DRI,VPG,NVL",4,0.02379101614881382,0.0005605850833507864,0.38810864090919495,0.004,0.01979101614881382,1.4415999027493345,0.8955669505564512,0.32953634678422916
2025-02-25,"DRI,TDC",2,-0.06878821567537524,-0.0019744522335899467,0.3838196396827698,0.004,-0.07278821567537525,1.2736466020460382,0.757592014532235,0.3269112407746819
2025-02-26,DRI,1,-0.03605313092979123,-0.011786390781520962,0.37566420435905457,0.004,-0.040053130929791236,1.1916745234143975,0.6871949514530198,0.3112717463585186
2025-02-27,,0,0.0,0.0006412928840257602,0.0,0.0,0.0,1.1916745234143975,0.6871949514530198,0.31211265559848234
2025-02-28,"DRI,LBM,CTP,NVL",4,-0.018174561860329924,-0.0009487928961432187,0.37561848759651184,0.004,-0.022174561860329924,1.1518417992108936,0.6497821426315884,0.3108677324319109
2025-03-03,"DRI,NVL",2,-0.006156837329876874,-0.00189324814896499,0.3704840838909149,0.004,-0.010156837329876874,1.1385932592935228,0.6330255737791437,0.30838593452394636
2025-03-04,,0,0.0,0.007507602012354188,0.0,0.0,0.0,1.1385932592935228,0.6330255737791437,0.31820877539891423
2025-03-05,"GEE,DRI",2,0.09390070578843279,0.015786085642333168,0.37572261691093445,0.004,0.08990070578843279,1.3394086757355694,0.7798357254324491,0.3390181320218366
2025-03-06,"GEE,DRI",2,0.007806136301927724,-0.007121652540318717,0.43135982751846313,0.004,0.003806136301927724,1.3576704187242736,0.7866100227984854,0.3294821101403904
2025-03-07,"DRI,NVL",2,0.019056992875890466,-0.0156591099963707,0.37858468294143677,0.004,0.015056992875890466,1.4026005270975994,0.8135109971837569,0.3086636035394952
2025-03-10,"BCM,GEE,TDC,DRI",4,-0.009999650489006445,-0.006473932407921095,0.3727268576622009,0.004,-0.013999650489006445,1.378575361561921,0.7881224770652147,0.30019140382547405
2025-03-11,"GEE,DRI,NVL,CTI",4,-0.034802895693654606,-0.015243446565450063,0.36493390798568726,0.004,-0.03880289569365461,1.2957940513539845,0.7187381471001739,0.28037200563640297
2025-03-12,GEE,1,-0.0689329556185081,-0.016151546391101404,0.3802714943885803,0.004,-0.0729329556185081,1.1375381819027655,0.59338549409788,0.259692017789499
2025-03-13,NVL,1,0.043269230769230616,-0.008807758062536995,0.35832488536834717,0.004,0.03926923076923061,1.2300278147735577,0.6559565167699541,0.24859695526350012
2025-03-14,"NVL,GEE,TDC",3,-0.02537034721177145,-0.008339921821177165,0.3800206184387207,0.004,-0.02937034721177145,1.1734512348208446,0.6073204989048249,0.2381837542704428
2025-03-17,"NAB,GEE,DRI",3,-0.035641641284986814,-0.014918662287043144,0.37293240427970886,0.004,-0.03964164128498682,1.0959858655589483,0.5436036762572338,0.21971170899117887
2025-03-18,"GEE,NVL",2,-0.011595905872166745,-0.005137453200405253,0.362473726272583,0.004,-0.015595905872166745,1.0716810107525347,0.5195297786183954,0.21344549716825045
2025-03-19,,0,0.0,-0.0037832292631533775,0.0,0.0,0.0,1.0716810107525347,0.5195297786183954,0.20885475465412195
2025-03-20,IJC,1,-0.02463891248937966,-0.0060967363720804335,0.3507760763168335,0.004,-0.02863891248937966,1.0206370436226933,0.47601209826353674,0.20148468590285984
2025-03-21,,0,0.0,-0.009464168906216089,0.0,0.0,0.0,1.0206370436226933,0.47601209826353674,0.19011363189724317
2025-03-24,GEE,1,0.020554649265905445,-0.017822637591612563,0.3506852388381958,0.004,0.016554649265905445,1.062170529348054,0.5004469608625228,0.16890266794310094
2025-03-25,DPR,1,-0.06925956738768713,-0.021905797970356716,0.37965747714042664,0.004,-0.07325956738768713,0.9193454906057699,0.3905248656215645,0.1432969222521283
2025-03-26,,0,0.0,-0.017424668122076128,0.0,0.0,0.0,0.9193454906057699,0.3905248656215645,0.12337535281689394
2025-03-27,,0,0.0,-0.08701014755640597,0.0,0.0,0.0,0.9193454906057699,0.3905248656215645,0.025630297607066366
2025-03-28,AVG,1,-0.07766990291262144,-0.0995502376490441,0.36675453186035156,0.004,-0.08166990291262144,0.7702701126946421,0.2769608348486654,-0.07647144225977698
2025-03-31,,0,0.0,-0.14336507015929467,0.0,0.0,0.0,0.7702701126946421,0.2769608348486654,-0.20887317873431632
2025-04-01,,0,0.0,-0.1399862640012714,0.0,0.0,0.0,0.7702701126946421,0.2769608348486654,-0.31962006679450106
2025-04-02,HMS,1,-0.08878148053930301,-0.12709754198152234,0.43521395325660706,0.004,-0.09278148053930302,0.6131029111351329,0.1584825180007019,-0.40609468391847237
2025-04-03,"POS,BCA,SAS,TCW,LAI",5,-0.005538361511084023,-0.025349903528071385,0.5090481042861938,0.004,-0.009538361511084023,0.6041689640586845,0.14743249293974037,-0.42115012638594784
2025-04-04,"CTR,CSC,CSM,LBM",4,0.004463999324862883,0.01208520888718899,0.3864065110683441,0.004,0.0004639993248628828,0.6113299732312085,0.14796490084179026,-0.4141546047489991
2025-04-08,"DVN,TTN,VLC,GDA,LAI",5,0.1174044886150201,0.07815304639867864,0.4635712504386902,0.004,0.1134044886150201,0.8005073447284725,0.2781492733697457,-0.3683690023914955
2025-04-09,"LAI,ACV,TTN,BVS,L14",5,0.11564713348539372,0.10049488683980397,0.4339427947998047,0.004,0.11164713348539372,1.008730857965718,0.42085097590791665,-0.30489331676231635
2025-04-10,"DPR,VHC,BCM,TRC,CTR",5,-0.04917281201483803,0.01998551323277015,0.5146155953407288,0.004,-0.05317281201483803,0.9099559130985653,0.34530033406486593,-0.29100125294628265
2025-04-11,"FRT,CTR,DGC,DBC,DGW",5,0.03273923566517913,0.0017879588264092588,0.5134803652763367,0.004,0.028739235665179132,0.9724864098476018,0.38396323740600047,-0.28973359237857477
2025-04-14,"VHC,DGC,CSV,HDG,PVT",5,-0.06265114109026766,-0.014725921043068394,0.48764461278915405,0.004,-0.06665114109026767,0.848907885485604,0.2917205084059096,-0.30019291941675164
2025-04-15,"GEE,BCM,HAG,AVG,TPB",5,-0.012647595587851623,-0.014385302636153972,0.41286134719848633,0.004,-0.016647595587851623,0.8255236462707922,0.27021646776943387,-0.3102598560578651
2025-04-16,"BCM,MSN,NLG,HAG,TPB",5,0.010277504164605645,0.017284184253622603,0.3903304636478424,0.004,0.006277504164605645,0.8442854731479266,0.27819025693580723,-0.29833826032284905
2025-04-17,"GEE,DPR,VHC,VDS,CTR",5,0.019769069156113005,0.027350633252407074,0.41911253333091736,0.004,0.015769069156113005,0.8807452802102025,0.29834612749209777,-0.2791473674136933
2025-04-18,"BCM,CSV,AVG,DRI,VHC",5,0.03172610964371105,0.012005240512442845,0.4082232415676117,0.004,0.027726109643711052,0.9404140111820436,0.33434421457843144,-0.27049335818546705
2025-04-21,"BCM,POW,NVL,CTR,VCG",5,0.01655474474108438,0.021444185758475395,0.3976733088493347,0.004,0.012554744741084381,0.9725370698291858,0.3510965655892062,-0.25484968224635474
2025-04-22,"AVG,BCM,VDS,SHS,FCN",5,0.06250213439833767,0.036125524562317525,0.39878952503204346,0.004,0.058502134398337666,1.0958248468733527,0.43013859845443836,-0.2279307361397267
2025-04-23,"BAF,CSV,VRE,CTR,APG",5,0.0642272436461552,0.03952995260801544,0.42810869216918945,0.004,0.0602272436461552,1.2304338999531534,0.5162719042713249,-0.1974108747292247
2025-04-24,"VHC,CSM,BCM,DCL,HAG",5,0.06441335743817937,0.027630351972402618,0.4202347695827484,0.004,0.06041335743817937,1.3741036359930683,0.6078749807975372,-0.17523505470877043
2025-04-25,"APG,GEE,TPB,PVT,FCN",5,0.013257755842226349,0.030612209493831494,0.41701918840408325,0.004,0.009257755842226349,1.4055789223432065,0.6227602947945854,-0.14998717742034684
2025-04-28,"HAG,DRI,TPB,SHS,NVL",5,0.04308977281236863,0.03389320603673732,0.4256993234157562,0.004,0.039089772812368626,1.509234771589198,0.6861936260470383,-0.121177517690786
2025-04-29,"DRI,DBC,HDG,TPB,DCL",5,0.043384986419230345,0.030398312832984463,0.4309588372707367,0.004,0.03938498641923034,1.6180978880772559,0.7526043391090937,-0.09446279694889048
2025-05-05,"DRI,CSV,HDG,CSM,VOS",5,0.04269793654654053,0.02419196564318188,0.4337790012359619,0.004,0.03869793654654052,1.7298852655750103,0.820426510615129,-0.07255607204405501
2025-05-06,"NVL,DRI,TPB,DGW,HDG",5,0.028519372402199438,0.025692888828870854,0.4398800730705261,0.004,0.024519372402199438,1.8077398800792213,0.8650622261597378,-0.04872735830807173
2025-05-07,"NLG,CSM,DRI,TPB,PVT",5,0.047269735231706675,0.024492416759611224,0.4265170097351074,0.004,0.04326973523170667,1.9404610008100698,0.945762974876327,-0.02542839231573668
2025-05-08,"SHS,IJC,VOS,CSV,PVT",5,0.016723319879305663,0.015614434394885841,0.3982560634613037,0.004,0.012723319879305663,1.9896352707192402,0.9705195396149882,-0.0102110078844323
2025-05-09,"HAG,CSM,DBC,GEE,TDC",5,0.0384216329708734,0.010985018276360314,0.3871617913246155,0.004,0.0344216329708734,2.104501939807592,1.0383480399695495,0.000661842283697478
2025-05-12,"SHS,VOS,NVL,HAG,DRI",5,-0.014397582238805006,-0.003885528395784917,0.3917418122291565,0.004,-0.018397582238805006,2.0598046178186826,1.0008473642729028,-0.0032262577190742547
2025-05-13,"CSV,CSM,VDS,GEE,VOS",5,0.01981462442671218,-0.0011856831609502387,0.3840479254722595,0.004,0.01581462442671218,2.1204334971398793,1.0324900138740554,-0.004408115560574077
2025-05-14,"NVL,CSM,VDS,GEE,TTN",5,0.007599230039620486,-0.0013752079511160054,0.37641283869743347,0.004,0.003599230039620486,2.144146389107983,1.0398054129872198,-0.005777261436121783
2025-05-15,"CSM,CSV,NVL,VDS,GEE",5,0.004845812741240208,-0.010528447571272392,0.3745061457157135,0.004,0.0008458127412402077,2.159382333740647,1.0415307063951755,-0.01624488341325836
2025-05-16,"GEE,NVL,CSM,VDS,APG",5,0.01687712780938635,-0.002594577709323422,0.395239919424057,0.004,0.012877127809386348,2.2127036331859053,1.0678197582282132,-0.018797312510187236
2025-05-19,"GEE,NVL,ITD,CSM",4,0.039722447437493785,0.017017814634853776,0.39371150732040405,0.004,0.03572244743749378,2.3403200843873777,1.1416873408517314,-0.002099387055265134
2025-05-20,"VHM,CSM,VDS,HAG,DCL",5,0.06016166713951514,0.024174722605911685,0.382438600063324,0.004,0.056161667139515134,2.5412793094437283,1.2619680724055597,0.022024583450943158
2025-05-21,"VHM,NVL,VCG,CSM,HAG",5,0.04890281204449622,0.018761565715062163,0.3972342312335968,0.004,0.044902812044496226,2.7144578259105185,1.3635367996114383,0.04119936483576714
2025-05-22,"NVL,NAG",2,0.06811560693641605,0.026288049128928778,0.35115787386894226,0.004,0.06411560693641605,2.9674703751621334,1.5150763960350795,0.06857046489157925
2025-05-23,"GEE,CSM,NAG,NVL",4,0.024686425638936665,0.017308899882629406,0.39174771308898926,0.004,0.020686425638936665,3.065413037553258,1.5671043368779043,0.08706624408592245
2025-05-26,"CTP,VHC,VOS,DPR,CSM",5,-0.02624435911456293,0.008469314740393863,0.3971392512321472,0.004,-0.03024435911456293,2.958718877846684,1.489463911428817,0.09627295025074378
2025-05-27,"CTP,GEE,SAV,NVL,NHA",5,-0.0008509059734131963,0.0027656342080148778,0.37704411149024963,0.004,-0.004850905973413196,2.9553503803064607,1.4773877560702706,0.09930484022327857
2025-05-28,"CSM,VNP,HAG,DCL,VHM",5,0.020059207958767988,0.00956474207656723,0.36835819482803345,0.004,0.016059207958767988,3.0346915761348203,1.5171726412395086,0.10981940748353614
2025-05-29,"NVL,NAG",2,-0.004098256622701357,0.008622757301317443,0.4027835726737976,0.004,-0.008098256622701357,3.018156374662368,1.4967879312271082,0.11938911088255844
2025-05-30,"NVL,PNC",2,0.08948298686687828,0.00958166756219083,0.37836095690727234,0.004,0.08548298686687827,3.377713008765344,1.7102208211615753,0.1301147252157715
2025-06-02,"NVL,MML",2,0.05253766851704994,-0.007966977132123946,0.3614720106124878,0.004,0.04853766851704994,3.6077078436826353,1.8417686209871227,0.12111112704330096
2025-06-03,"APG,CSM,GEE",3,-0.02723060083991517,-0.012855913909758756,0.37347254157066345,0.004,-0.03123060083991517,3.4822371906043674,1.7530184795056778,0.1066982189107597
2025-06-04,"DBC,APG",2,-0.005420733709441461,-0.01361340062572523,0.3794533312320709,0.004,-0.009420733709441461,3.4579401763715465,1.7270830255130836,0.09163229268495088
2025-06-05,"NVL,VNP",2,-0.004677939248251772,-0.006634896910596111,0.36054080724716187,0.004,-0.008677939248251772,3.4370862030541396,1.7034175646927423,0.08438942495870849
2025-06-06,,0,0.0,0.0005245537338639003,0.0,0.0,0.0,3.4370862030541396,1.7034175646927423,0.0849582454805331
2025-06-09,NVL,1,0.03472222222222232,0.0201331225087973,0.35588645935058594,0.004,0.03072222222222232,3.591151696215742,1.7864725598746918,0.10680184275372251
2025-06-10,"DGW,GEE",2,0.052560646900269514,0.02318893617239683,0.40657901763916016,0.004,0.04856064690026951,3.8324655993861114,1.9217854699520567,0.1324674000408299
2025-06-11,"CTI,CTR",2,0.005570383000159829,0.013392126620232104,0.3818311393260956,0.004,0.0015703830001598286,3.8593842836097894,1.9263737921841835,0.1476335468554617
2025-06-12,"CTI,NVL,DGW",3,0.044745144329046006,0.013377319036651784,0.3610595166683197,0.004,0.04074514432904601,4.076818134730208,2.045609314707466,0.1629858069489114
2025-06-13,OIL,1,0.07773851590105996,0.020402292144692174,0.36482805013656616,0.004,0.07373851590105995,4.471482442023722,2.270188025588439,0.1867133831424137
2025-06-16,"DCL,CTI",2,-0.02475485305962588,0.004669940449527713,0.3721267580986023,0.004,-0.02875485305962588,4.3360366981531016,2.1761542494352955,0.19225526397234627
2025-06-17,"CTI,NVL",2,-0.0015578202576935762,-9.068582579134592e-06,0.36871495842933655,0.004,-0.005557820257693576,4.327724112088922,2.1585017550062244,0.19224445190702966
2025-06-18,"OIL,VOS",2,-0.036561246220276955,0.0022619117844643304,0.37518852949142456,0.004,-0.04056124622027696,4.132935879033133,2.03038898763424,0.19494120368276024
2025-06-19,"DGW,OIL",2,0.0005316535491466934,0.006958406655859911,0.4062979817390442,0.004,-0.0034683464508533067,4.135664822610763,2.019878548744274,0.20325609050782756
2025-06-20,"ANV,OIL,CTI",3,0.03569121397612093,0.006995777575550142,0.389830082654953,0.004,0.03169121397612093,4.318962934704201,2.115582166014426,0.21167380248344614
2025-06-23,ANV,1,0.19777647747220595,0.012951057639539252,0.35035407543182373,0.004,0.19377647747220594,5.370928687735225,2.719308703419927,0.22736625973972902
2025-06-24,DGW,1,0.018604651162790642,0.005710408227443857,0.3540244400501251,0.004,0.014604651162790642,5.489457593553555,2.773627909600106,0.23437502212743389
2025-06-25,"DGW,CTI",2,0.009111617312072995,0.01526224645430557,0.36096620559692383,0.004,0.005111617312072995,5.54858704770894,2.7929172513521405,0.2532143579321815
2025-06-26,"CTI,DGW",2,-0.02649733806566107,0.011188357860505604,0.3628714382648468,0.004,-0.03049733806566107,5.375066922853388,2.6772433716825765,0.2672357686446505
2025-06-27,CTI,1,0.030674846625766916,0.014983787441627197,0.363919734954834,0.004,0.026674846625766916,5.570621122940915,2.7753332746278274,0.2862237600404489
2025-06-30,"ANV,CTI,DCL,MPC",4,0.03365086361909528,0.01797702736771594,0.39149272441864014,0.004,0.029650863619095278,5.791728198241747,2.8872751666704497,0.30934623977570275
2025-07-01,"ANV,DCL,OIL,CTI",4,0.017793687874309017,0.025838124764528497,0.39436548948287964,0.004,0.013793687874309016,5.912578089928403,2.9408950270010545,0.34317729127899366
2025-07-02,"ANV,DGW,DCL",3,-0.011577665888707048,0.020538159548514987,0.3736934959888458,0.004,-0.015577665888707048,5.832546570373616,2.879505080967965,0.37076368078922384
2025-07-03,DCL,1,-0.004347826086956608,0.025213895607997583,0.37786805629730225,0.004,-0.008347826086956608,5.802839846154599,2.8471196472485802,0.4053259731398777
2025-07-04,CTI,1,-0.031746031746031744,0.021253271760164765,0.36294645071029663,0.004,-0.03574603174603175,5.586876676435406,2.70960038620725,0.43519374795863763
2025-07-07,"DGW,CTI",2,-0.019448793815866783,0.01788486973668487,0.3652014434337616,0.004,-0.023448793815866783,5.458769870064872,2.622614731611817,0.4608620011877824
2025-07-08,"ANV,MPC",2,-0.04425019979449707,0.0116793621349213,0.37007778882980347,0.004,-0.04825019979449707,5.172968012887823,2.4478228470330583,0.47792393752880047
2025-07-09,MPC,1,-0.020968908170643563,0.016730091696128126,0.3667159676551819,0.004,-0.024968908170643563,5.043527613485258,2.361734474976843,0.5026497405235602
2025-07-10,NHH,1,0.004424778761061843,0.022374912285101637,0.3681826591491699,0.004,0.0004247787610618427,5.070268886111299,2.3631624683821424,0.5362713966630055
2025-07-11,VCI,1,0.016129032258064502,0.023632125877459813,0.3780251741409302,0.004,0.012129032258064502,5.168176448790513,2.403954374450261,0.5725767556908867
2025-07-14,"ANV,CSM",2,-0.0009292803502019553,0.014227287773039098,0.36096304655075073,0.004,-0.004929280350201955,5.162444483620074,2.3871753290393,0.5949502577392933
2025-07-15,"GEE,ANV",2,0.11123821881576745,0.025404233550428323,0.37684452533721924,0.004,0.10723821881576745,5.847943831529022,2.7504099781421854,0.6354687465882183
2025-07-16,"GEE,ANV,SHS,FCN",4,0.044442095180491026,0.02819136773666811,0.400601327419281,0.004,0.04044209518049102,6.152280803080492,2.9020844154440755,0.6815748474451144
2025-07-17,"GEE,VHM,VCA,HDG,NVL",5,-0.025156772651814197,0.01653781853177853,0.411247193813324,0.004,-0.029156772651814197,5.972352500975461,2.7883122272747856,0.7093844271197651
2025-07-18,"HAG,GEE,DHA",3,-0.020475968787386556,0.02227524431251451,0.3997242748737335,0.004,-0.024475968787386556,5.829586828790831,2.695589615443133,0.7474613828578656
2025-07-21,ANV,1,0.0664893617021276,0.03929899100388564,0.36913883686065674,0.004,0.0624893617021276,6.283681697726391,2.9265246516251855,0.8161348520224345
2025-07-22,VJC,1,0.16322517207472953,-0.0033112005202850974,0.4353260397911072,0.004,0.15922517207472953,7.472561896175339,3.551726214935873,0.8101212653555099
2025-07-23,"VJC,VDS,CSV,PC1",4,0.004272445685969323,-0.001874613485138857,0.4070819616317749,0.004,0.00027244568596932264,7.508760456697761,3.552966313106846,0.8067279876217379
2025-07-24,GEE,1,0.01838626348579231,0.00282864120951824,0.3653903007507324,0.004,0.014386263485792309,7.665204768392096,3.6184664861291376,0.8118385728619146
2025-07-25,"VJC,SHS,VDS,ANV",4,0.01120306230346127,-0.00904481048291737,0.3744601309299469,0.004,0.00720306230346127,7.762281597284643,3.6517335879751736,0.795450836344739
2025-07-28,"NHA,SHS,BVS,AGG,VJC",5,0.03128616194847074,-0.007503587941723984,0.4045277535915375,0.004,0.02728616194847074,8.036419758375395,3.7786615439978055,0.7819785130991843
2025-07-29,HAG,1,0.12030075187969924,0.03197540120065658,0.38294684886932373,0.004,0.11630075187969924,9.123507849608526,4.334423474543355,0.8389579909864802
2025-07-30,"AGG,SHS,NHH",3,0.0650619009860316,0.04289485600971832,0.3974989354610443,0.004,0.06106190098603159,9.78216251495107,4.660153512563484,0.9178398292177659
2025-07-31,"PC1,NAF,AGG,NHH",4,0.019849125297344672,0.03418773418664983,0.4146304130554199,0.004,0.015849125297344672,9.996179009686667,4.7498619947863085,0.9834064275116328
2025-08-01,"PC1,FCN,NAF,NVL,VOS",5,0.047228160495950314,0.04331195932573317,0.3987407982349396,0.004,0.04322816049595031,10.51550831679835,4.998417951926497,1.0693116460264145
2025-08-04,"NVL,TPB,CTI,ANV,NAF",5,0.05995744006861512,0.04397380656062332,0.4090087413787842,0.004,0.055957440068615125,11.205948716562427,5.334074064977929,1.1603071560624247
2025-08-05,"HAG,MBB,TPB,NAG,NAF",5,0.07516955055477462,0.04526439552185748,0.38386163115501404,0.004,0.07116955055477461,12.123464395681053,5.784867269363063,1.2580921536231333
2025-08-06,"ANV,DGW,NAF,GEE,VCG",5,0.03323385585047225,0.03312473088079675,0.39041662216186523,0.004,0.029233855850472248,12.559607719665923,5.98321510108021,1.3328908485159383
2025-08-07,"VDS,ANV,TPB,FCN,HT1",5,0.02032392888625716,0.03201019373692506,0.43813544511795044,0.004,0.01632392888625716,12.835192222685956,6.097208607787681,1.4075671365440328
2025-08-08,"HT1,HAG,TDC,NAF,PC1",5,0.0019846372314371807,0.005504136352929742,0.41770654916763306,0.004,-0.0020153627685628194,12.862650060275188,6.082905157798821,1.420818714342404
2025-08-11,"GEE,MSN,TPB,PC1,BMS",5,0.03529061322060414,0.012059482819049233,0.3971046507358551,0.004,0.03129061322060414,13.351871481764944,6.304533603569726,1.450012536036049
2025-08-12,"VOS,VDS,HT1,HAG,DHA",5,0.018196936672057174,0.01594562511031275,0.39089059829711914,0.004,0.014196936672057174,13.613031578244122,6.408235604558518,1.4890795174512461
2025-08-13,"EVG,HDG,NLG,VDS,AFX",5,-0.009915984926591025,-0.0029544550431565924,0.42807039618492126,0.004,-0.013915984926591025,13.468128977382454,6.305142709552847,1.4817256439180944
2025-08-14,"HDG,MBB,HDB,VJC,EVG",5,-0.0016228006153135243,-0.012188848053356415,0.4366149306297302,0.004,-0.005622800615313525,13.444650088775523,6.26406734863062,1.4514762671342587
2025-08-15,"DSC,NAG,CRE,FCN,MBB",5,-0.007508261298565499,-0.017496026291153592,0.3892270028591156,0.004,-0.0115082612985655,13.336195881542649,6.180470563492201,1.4085851739123387
2025-08-18,"PC1,HDG,TCI,CRE,NHA",5,-0.10587579515743976,-0.04648358917494748,0.4270162582397461,0.004,-0.10987579515743977,11.818339743051508,5.391510650723906,1.2966254901953285
2025-08-19,"VDS,SAM,DSC,EVG,HDB",5,-0.03710290797814379,-0.031022252561171533,0.4451048970222473,0.004,-0.041102907978143796,11.342742063132485,5.128800976605875,1.2253789942000646
2025-08-20,"FCN,MSB,AGG,CSM",4,0.005411008713353399,-0.020628051268635067,0.36034727096557617,0.004,0.001411008713353399,11.409528747982769,5.1374487681862755,1.179473762215562
2025-08-21,"TPB,SSB,MSB,STB,MBB",5,-0.04154777256942514,-0.00946811577567248,0.4271204471588135,0.004,-0.045547772569425146,10.893940469867838,4.857901647536429,1.1588382523048644
2025-08-22,"TDC,NVL,NAG,MSB,LDP",5,0.007697687395051079,0.019213919679570958,0.3801632821559906,0.004,0.0036976873950510785,10.985496305500229,4.879562336619974,1.2003179970858353
2025-08-25,"HAG,NAG,VOS,PC1,HDG",5,0.036334308188094286,0.05042827803964182,0.4178745150566101,0.004,0.03233430818809428,11.420981022051539,5.069673917223355,1.3112762448185076
2025-08-26,"NAF,ANV,MSB,TCI,EVG",5,0.0441628274641019,0.024322250659360417,0.4056394696235657,0.004,0.040162827464101894,11.969526663863284,5.313449183524156,1.3674916849880083
2025-08-27,"CSM,IJC,PC1,HDB,TCI",5,0.04874263947046942,0.012306554266785055,0.392094224691391,0.004,0.044742639470469414,12.601695626142611,5.595929564157706,1.3966273498854758
2025-08-28,"TCI,DSC,EVG,MSB,VDS",5,0.003356133602003042,-0.027009301237610934,0.4050065577030182,0.004,-0.0006438663979969582,12.647344733877725,5.591682666747791,1.3318961198381216
2025-08-29,"TCI,SHS,MSB,EVG,RYG",5,-0.030967896253479378,-0.027214209367199472,0.4218563437461853,0.004,-0.034967896253479375,12.224715178023532,5.361185391121095,1.2684354106102869
2025-09-03,"L14,MSB,CRE,EVG,IJC",5,-0.06532204231410572,-0.035980666085130605,0.394428551197052,0.004,-0.06932204231410573,11.360849773572681,4.9202150282699275,1.186815593565432
2025-09-04,"TCI,SSB,VDS,ACB,EVG",5,-0.05316026580048252,-0.03178322019357175,0.3889724314212799,0.004,-0.057160265800482515,10.703743714089724,4.581813963658007,1.117311552032406
2025-09-05,"EVG,TCI,HAG,ACB,TPB",5,-0.06516340579970341,-0.0062111233489798275,0.384458065032959,0.004,-0.06916340579970341,9.941087913072767,4.195756699391078,1.104160668814513
2025-09-08,"SHS,MSB,HDG,L14,POW",5,0.04022238137251326,0.03740067424375682,0.3954019248485565,0.004,0.036222381372513254,10.381164523742576,4.383959380075212,1.18285769654537
2025-09-09,"CTP,PC1,IJC,SSB,CSM",5,0.06759549287796447,0.021797328448960703,0.3719908595085144,0.004,0.06359549287796447,11.15047994925016,4.7263549304860355,1.2304381627143113
2025-09-10,"CSM,RYG,NHA,PC1,VDS",5,-0.00898542132961233,0.013221323792520012,0.3671642243862152,0.004,-0.012985421329612331,11.04130276754914,4.651995799030772,1.2599275078627508
2025-09-11,GEE,1,0.04817218995558603,0.004804719477528292,0.35275906324386597,0.004,0.04417218995558603,11.621358691780241,4.901656831093733,1.270785825577581
2025-09-12,"CSM,IJC,TDC,EVG,NHA",5,0.006147393809266499,-0.011193820233038634,0.4049489498138428,0.004,0.0021473938092664993,11.698947154066621,4.914330012437239,1.2453670572583335
2025-09-15,"CSM,VHC,GEE,EVG,IJC",5,-0.04774562103922579,-0.03895565797228705,0.4188458025455475,0.004,-0.051745621039225795,11.092628035651401,4.608289332912743,1.1578973061535374
2025-09-16,"IJC,PC1,TCI,NAG",4,-0.04173445115019839,-0.03133145553779902,0.3647588789463043,0.004,-0.04573445115019839,10.587948841619989,4.3517972983804665,1.0902872426506516
2025-09-17,"CSM,FCN,EVG,DCL,PC1",5,0.014731934018163995,-0.004694730183005233,0.36190909147262573,0.004,0.010731934018163995,10.758661739360594,4.409232433865274,1.0804739080414287
2025-09-18,"IJC,HDG,EVG,TDC,SHS",5,0.01797014459950801,0.0006414256999163816,0.36825090646743774,0.004,0.01397014459950801,10.969966591113606,4.48480019313872,1.0818083774740517
2025-09-19,"TDC,GEE,IJC,SHS,CRE",5,0.002334862045082109,-0.005845724760247643,0.3848518431186676,0.004,-0.001665137954917891,10.997914811788096,4.475667244161984,1.0696386986957607
2025-09-22,"TCI,SHS,IJC,FCN,CSM",5,-0.0010913147624773023,0.004703481746538833,0.36352264881134033,0.004,-0.005091314762477302,10.984821310235047,4.447788898687368,1.0793732065370065
2025-09-23,"IJC,DTL,MSB,SHS,TCI",5,0.011722919576448864,0.003539105141373948,0.36460548639297485,0.004,0.007722919576448864,11.125318406593042,4.489861734221401,1.086732326943097
2025-09-24,IJC,1,-0.02857142857142858,-0.008962612643952546,0.3683251440525055,0.004,-0.032571428571428584,10.77888073783324,4.31104909487819,1.0680297534050922
2025-09-25,"IJC,CSM",2,-0.04051923857746792,-0.020900196230464425,0.3710516095161438,0.004,-0.04451923857746792,10.301609459041433,4.074605233126663,1.0248075257484865
2025-09-26,IJC,1,-0.10915492957746475,-0.025214009446648544,0.352701872587204,0.004,-0.11315492957746476,9.067983074427756,3.5003886353387816,0.9737540096666191
2025-09-29,GEE,1,0.0023944926668664213,0.00742559045942262,0.4253455102443695,0.004,-0.0016055073331335788,9.092090786069608,3.4931632283827945,0.9884102986100469
2025-09-30,"GEE,VRE",2,0.007753518889642763,0.0015297764358785675,0.41841763257980347,0.004,0.003753518889642763,9.170340002615388,3.510028401434777,0.991452121829719
2025-10-01,"CTP,TCI,IJC",3,-0.05465686274509799,0.00805184672383501,0.4199407994747162,0.004,-0.05865686274509799,8.61446112502146,3.2454842845153236,1.007486989072548
2025-10-02,HDG,1,0.0682119205298013,0.025443385678064485,0.35325124859809875,0.004,0.06421192052980129,9.270281983218288,3.5180949840031417,1.0585642547792173
2025-10-03,"ANV,IJC,HDG",3,0.06312637164626933,0.03178944843946939,0.3830535113811493,0.004,0.05912637164626933,9.91860762060291,3.7852335471604563,1.1240048770158562
2025-10-06,"TCI,HDG,DCL,VCI,VDS",5,-0.002659639720413565,0.0023782066478369376,0.39216548204421997,0.004,-0.006659639720413565,9.889568058083544,3.753365615758331,1.1290561995344133
2025-10-07,TCI,1,-0.05857740585774052,-0.0013933307150052624,0.3630297780036926,0.004,-0.06257740585774052,9.251685410329697,3.455912326430793,1.1260897201376294
2025-10-08,"ANV,TCI,VRE,VMD",4,0.04555962796365756,-0.004318032397905963,0.39047515392303467,0.004,0.04155962796365756,9.718748383624776,3.6410983849559333,1.1169091958452202
2025-10-09,"ANV,VHM,SHS",3,0.0063022858384914615,-0.005576340435275787,0.3641592562198639,0.004,0.0023022858384914614,9.786300999769246,3.651783520042663,1.1051045894986213
2025-10-10,ANV,1,-0.0258267716535433,-0.02017462436806923,0.36895838379859924,0.004,-0.0298267716535433,9.50772566686182,3.513035835208635,1.062634895149988
2025-10-13,"VRE,LDP,ANV,SHS,TCI",5,-0.07085239314412524,-0.06847640232182879,0.39647606015205383,0.004,-0.07485239314412524,8.76322815686271,3.175224302598073,0.9213930782266542
2025-10-14,"GEE,VJC,SHS",3,0.09020923884398939,-0.041656699776123844,0.4143829345703125,0.004,0.08620923884398939,9.643961537553501,3.5351672117279795,0.841354183615044
2025-10-15,"GEE,HDG,VJC",3,0.030238463015089517,-0.026836871872226373,0.4369077682495117,0.004,0.026238463015089517,9.96581857484085,3.654163028880151,0.791937997317979
2025-10-16,"GEE,NLG,SHS",3,-0.03883046523443464,-0.03295337972050497,0.4322086572647095,0.004,-0.042830465234434636,9.540010737903375,3.4548230610763087,0.7328875840567584
2025-10-17,SHS,1,-0.15693430656934293,-0.027855111854116054,0.36617225408554077,0.004,-0.16093430656934293,7.88592146151708,2.7378892008528752,0.6846178065722484
2025-10-20,"SHS,BVS,IJC,DSC,MSB",5,-0.026689699127305365,0.011803974523464019,0.382114976644516,0.004,-0.030689699127305365,7.648758891240323,2.6231745059074965,0.7045029922428008
2025-10-21,"SAV,HDB,FRT",3,0.017446878834918984,0.01048576784329369,0.41945481300354004,0.004,0.013446878834918984,7.79965273968822,2.6718948944862015,0.7223760149076581
2025-10-22,"HT1,DCL,ANV",3,-0.05633127347400124,0.011763275887786464,0.3941516876220703,0.004,-0.060331273474001246,7.303957094732599,2.4503647994391655,0.742636799153523
2025-10-23,"NLG,SHS",2,0.01042771883289123,0.0097193507457684,0.3540651798248291,0.004,0.006427718832891231,7.390548424516863,2.4725427742408654,0.7595740974269793
2025-10-24,"CTR,VCI,NVL",3,-0.013821809909604613,0.013050061009434153,0.3633934557437897,0.004,-0.017821809909604615,7.27457585915586,2.4106557770153736,0.7825366467490216
2025-10-27,"NAG,HDG",2,-0.06229864389001266,0.002725159600951277,0.3695094585418701,0.004,-0.06629864389001267,6.759081004365414,2.1845339242236173,0.787394343605957
2025-10-28,"VJC,GEE",2,-0.018400289511777745,0.005625046236633914,0.3735622763633728,0.004,-0.022400289511777745,6.616311667539755,2.1131994423609304,0.7974485194318384
2025-10-29,"CTP,HAG,GEE",3,-0.049205323400889234,-0.014637231865609267,0.3767799437046051,0.004,-0.05320532340088924,6.241548588816495,1.9475606592186492,0.7711388486864184
2025-10-30,"NVL,NLG",2,-0.03530565544295522,-0.017709100561819006,0.3565920293331146,0.004,-0.03930565544295522,5.985880969466321,1.8317048555501914,0.7397735727060863
2025-10-31,"DCL,VRE,SHS",3,-0.027027601593808608,-0.03611087095884559,0.3876621425151825,0.004,-0.03102760159380861,5.7970693618418165,1.7438438454609266,0.6769488337244871
2025-11-03,"CTX,DCL,VRE,SHS,HDB",5,-0.024262544112249262,-0.024447020408930143,0.41143450140953064,0.004,-0.028262544112249263,5.632155166616111,1.6662958377414636,0.6359524313616931
2025-11-04,"VRE,VHM,VCI",3,-0.07395016877249228,-0.027985470466654155,0.4089899957180023,0.004,-0.07795016877249228,5.141706172719493,1.4584576271921228,0.5901695329089693
2025-11-05,"SHS,VRE,HAG",3,-0.009940904292578065,-0.005986978116299539,0.37675654888153076,0.004,-0.013940904292578065,5.080652059463352,1.4241845047040789,0.580649222714237
2025-11-06,VRE,1,-0.0015625000000000222,-0.001644917551730881,0.4150612950325012,0.004,-0.005562500000000022,5.071151040620441,1.4106999783966625,0.5780491850646645
2025-11-07,"SHS,DCL,HAG",3,0.06987197343548883,0.020682837198830538,0.3752700388431549,0.004,0.06587197343548883,5.495354344853513,1.569497543334541,0.6106877194511042
2025-11-10,"GEE,STB,DCL,HDG",4,0.05675646231149173,0.04677739627975929,0.37164080142974854,0.004,0.052756462311491725,5.864007678926976,1.7050551436389405,0.6860314971868102
2025-11-11,"DCL,STB,SHS,AFX,GEE",5,0.05874013164258962,0.04256267731738501,0.3672129213809967,0.004,0.05474013164258962,6.2672003935828915,1.8531302183022,0.7577935117485199
2025-11-12,"NVL,GEE,SHS,HAG,STB",5,0.052164190898810345,0.011761818042295254,0.3872624635696411,0.004,0.04816419089881034,6.6462880222136596,1.9905489267956717,0.7784683591896331
2025-11-13,"DGC,GEE,NVL",3,0.032974944523415574,0.004815699808214229,0.39428409934043884,0.004,0.028974944523415574,6.898423945556211,2.0771999160441363,0.7870329289258977
2025-11-14,"NVL,HAG,SHS,STB,VRE",5,0.023783676364262152,0.0032363002048988523,0.40347060561180115,0.004,0.01978367636426215,7.086277504465059,2.1380782432912886,0.7928163039599418
2025-11-17,"HAG,NVL,DGW,SHS,VRE",5,-0.00023861652619032724,-0.011555027927281558,0.4099152684211731,0.004,-0.004238616526190327,7.084347985017132,2.124777132988796,0.772100261499199
2025-11-18,"ANV,NVL,VRE",3,-0.01860474929760984,-0.02204677664348181,0.388413667678833,0.004,-0.02260474929760984,6.933940717521251,2.0541423292866803,0.7330311628440704
2025-11-19,,0,0.0,0.0024564395483825077,0.0,0.0,0.0,6.933940717521251,2.0541423292866803,0.7372882491310602
2025-11-20,"SHS,VRE,VJC",3,0.028404714158390593,0.0030604457001133165,0.37344929575920105,0.004,0.024404714158390593,7.159302035752058,2.1286777998319626,0.7426051254829706
2025-11-21,"NVL,SHS,HAG",3,-0.02973690895039216,0.004749251497939502,0.373803049325943,0.004,-0.033736908950392164,6.91666961401615,2.0231258817639186,0.7508811954854877
2025-11-24,"VRE,NVL,HAG,SHS",4,-0.03261511759405991,-0.0037649391826905607,0.3942754566669464,0.004,-0.036615117594059915,6.658466503601693,1.9124337721014868,0.7442892342683682
2025-11-25,"VJC,NVL",2,-0.01744435793486726,0.013344044300496117,0.3883059620857239,0.004,-0.02144435793486726,6.524869472680673,1.849978499830947,0.7675651070833238
2025-11-26,"GEE,DCL,NVL",3,0.07596668630867787,0.0028778240183436575,0.42973199486732483,0.004,0.07196668630867786,7.096508871425552,2.055082008514757,0.7726518484024743
2025-11-27,"GEE,SHS,NVL,MSB",4,0.017841330866655403,0.013784471732141654,0.3890674114227295,0.004,0.013841330866655403,7.240961365065466,2.0973684094193756,0.7970869176977067
2025-11-28,SHS,1,0.028571428571428692,0.013848621814965493,0.3684746026992798,0.004,0.024571428571428692,7.4764174040673375,2.1734751760508235,0.8219740947895244
2025-12-01,SHS,1,0.024390243902439046,0.011294568350807705,0.377322256565094,0.004,0.020390243902439046,7.683159291971419,2.2381831089088355,0.8425525057365257
2025-12-02,"PC1,HAG,NVL",3,-0.020546609627069407,-0.0023572882637396767,0.3805617094039917,0.004,-0.024546609627069407,7.504749807669622,2.1586966922334803,0.8382090783394289
2025-12-03,FRT,1,-0.03546099290780147,-0.019231142218537067,0.3749319612979889,0.004,-0.03946099290780147,7.2031629350572235,2.0340513844633588,0.8028582181264774
2025-12-04,"NVL,HAG",2,-0.020281625115420143,-0.03405612285577383,0.3875409960746765,0.004,-0.024281625115420143,7.036789459647684,1.9603796861648983,0.7414598571584206
2025-12-05,"HID,NVL",2,-0.14572036150983514,-0.054729460687687005,0.42247945070266724,0.004,-0.14972036150983514,5.865665594209391,1.5171505693459175,0.6461506983668837
2025-12-08,"FCN,NVL",2,-0.07355654761904756,-0.04898488453733518,0.3659396767616272,0.004,-0.07755654761904757,5.360650935992471,1.321929061350128,0.5655141964763282
2025-12-09,"BCP,AFX,DCL",3,0.007086132258546078,-0.017073832271551286,0.38309213519096375,0.004,0.003086132258546078,5.405723349775358,1.3290948415284163,0.538784869666959
2025-12-10,,0,0.0,-0.021825221565063904,0.0,0.0,0.0,5.405723349775358,1.3290948415284163,0.5052005489455096
2025-12-11,AFX,1,0.020576131687242816,-0.01057018189474719,0.38650697469711304,0.004,0.016576131687242816,5.537528356972382,1.3677022243336694,0.4892903053550821
2025-12-12,"GEE,VOS,VNP",3,0.026013979567038287,0.025813995464719353,0.3793342113494873,0.004,0.022013979567038287,5.707595486069595,1.4198247727209816,0.5277348385431688
2025-12-15,"GEE,NVL",2,0.09493595649202058,0.03686325449127281,0.3699009418487549,0.004,0.09093595649202058,6.344387479301172,1.6398738529714505,0.5840521166915693
2025-12-16,"GEE,HDB",2,0.15427281905101253,0.012684052199985401,0.3696669340133667,0.004,0.15027281905101253,7.477426839935925,2.0365751387965285,0.6041443164271825
2025-12-17,"GEE,ITD,VJC",3,0.09191220136631466,0.014970389774460156,0.41274523735046387,0.004,0.08791220136631465,8.256605802716317,2.303527143862354,0.6281589820985825
2025-12-18,FCN,1,-0.08708708708708701,0.0030810882375908936,0.3544577956199646,0.004,-0.09108708708708702,7.450474967044325,2.002618479214808,0.6331754835872543
2025-12-19,VHM,1,0.08374384236453203,-0.001112402285772905,0.361613392829895,0.004,0.07974384236453202,8.158150210589909,2.2420588139021445,0.6313587354462435
2025-12-22,"DCL,GEE,STB",3,0.09178281359918772,-0.005226405474827561,0.3985474109649658,0.004,0.08778281359918771,8.998711004281846,2.5266558584405203,0.6228325932198995
2025-12-23,"STB,VHM",2,0.047028471963197815,-0.0013454327214091767,0.3980652391910553,0.004,0.04302847196319781,9.468935104414834,2.6784024711692758,0.620649181147612
2025-12-24,,0,0.0,-0.004006260703889117,0.0,0.0,0.0,9.468935104414834,2.6784024711692758,0.6141564380183904
2025-12-25,,0,0.0,0.0011946283408759005,0.0,0.0,0.0,9.468935104414834,2.6784024711692758,0.6160847550458544
2025-12-26,"DGC,FCN",2,0.010484622553588063,0.007199672546988863,0.4037587642669678,0.004,0.006484622553588063,9.578697937522634,2.7022555227949945,0.6277200360903654
2025-12-29,"GEE,DGC,NVL",3,-0.011648328115590726,0.014246584846251069,0.4105433523654938,0.004,-0.015648328115590728,9.455473792910647,2.6443214136065407,0.6509094876904695
2025-12-30,DGC,1,-0.036809815950920366,0.008379452197786625,0.5355681777000427,0.004,-0.04080981595092037,9.070609726913935,2.49559732745126,0.6647432048254442
2025-12-31,"DGC,HDB",2,-0.07263879672638796,0.0058476316392817185,0.38331174850463867,0.004,-0.07663879672638796,8.339092754049847,2.227698954435418,0.6744780098612608
2026-01-05,DGW,1,0.04796163069544357,0.02176389615251216,0.3578384518623352,0.004,0.043961630695443565,8.787010871750079,2.369593863866377,0.7109211753775466
2026-01-06,"VRE,PC1,DPR,HDB",4,-0.023314054913639415,0.02761136378331448,0.3975307047367096,0.004,-0.027314054913639415,8.558835962845711,2.277556592032069,0.758162042355472
2026-01-07,"DGC,POW,PVT,BCM,HDB",5,0.02326329074910043,0.01944690578729487,0.3917388319969177,0.004,0.01926329074910043,8.781205943072347,2.3406931176110133,0.7923528539519566
2026-01-08,"DGC,POW,GEE",3,0.04807846425222051,0.02901048710893505,0.37260672450065613,0.004,0.044078464252220506,9.251471303349957,2.4879457397732696,0.8443498833161927
2026-01-09,"DGC,DCL,CTR,CTG,NVL",5,0.02489389947565479,0.0357232980724216,0.39782288670539856,0.004,0.02089389947565479,9.506670399453112,2.560822527436631,0.9102361439477329
2026-01-12,"DGC,VCI,CTR,VNP,VDS",5,0.007254305275848427,0.016782710571952908,0.39933615922927856,0.004,0.0032543052758484273,9.582888993963465,2.5724105309740284,0.942295084275691
2026-01-13,"PVT,DGC,DRI,PC1",4,-0.04166288966455023,0.011574408899134778,0.3723366856575012,0.004,-0.04566288966455023,9.141975257475782,2.409283943061684,0.9647760017838771
2026-01-14,"CTR,BCM,DGC,CSV,DRI",5,-0.009343597087108435,-0.0031341092490570687,0.39924824237823486,0.004,-0.013343597087108435,9.047212727002504,2.363791831769921,0.9586181791443609
2026-01-15,"GEE,MIG,STB,HDB,PGV",5,-0.012783343615359733,-0.001673253046089754,0.38497620820999146,0.004,-0.016783343615359735,8.918775754336616,2.307336157606786,0.9553409153099808
2026-01-16,"DGW,PVT",2,-0.02092127479949346,-0.014455053881335679,0.3924639821052551,0.004,-0.02492127479949346,8.711262321105586,2.2249131243687668,0.9270763570227947
2026-01-19,,0,0.0,-0.035178820895809565,0.0,0.0,0.0,8.711262321105586,2.2249131243687668,0.8592840830065405
2026-01-20,"VNP,POW,PC1,CTR",4,-0.039392146009793044,-0.03081107785293433,0.3569362759590149,0.004,-0.04339214600979305,8.328714857813193,2.0849772232072596,0.8019975363743044
2026-01-21,"DGC,STB,OIL,GEE,VRE",5,-0.030821716704226555,-0.021694341095317433,0.3933967649936676,0.004,-0.034821716704226555,8.041187851251166,1.977553020301745,0.7629043871672785
2026-01-22,"DGC,VOS,PVT,GEE,ACV",5,-0.08057128176238885,-0.029404692078139866,0.3955673277378082,0.004,-0.08457128176238886,7.312727757421323,1.7257375448593542,0.7110667264994228
2026-01-23,"MIG,VJC,DGW,PC1",4,0.004214754808163607,-0.0075717935229022825,0.3606046140193939,0.004,0.0002147548081636065,7.34776386670587,1.7263229101029052,0.6981108825424609
2026-01-26,"GEE,OIL,HT1,PVT",4,0.02348005977624762,0.012589007684032927,0.37302166223526,0.004,0.01948005977624762,7.543769861294125,1.7794318433610634,0.7194884134911279
2026-01-27,GEE,1,-0.06301220178473854,0.02703519886333576,0.413603276014328,0.004,-0.06701220178473855,7.005408110791892,1.5931759958268241,0.7659751246930622
2026-01-28,"GEE,VOS,PVT",3,0.07413190610764271,0.029004123192298538,0.3829471170902252,0.004,0.07013190610764271,7.5988642732144775,1.7750403712867437,0.8171956847641946
2026-01-29,"DGW,VVS,GEE,VHC",4,0.05010894468743038,0.008411288297961115,0.4194414019584656,0.004,0.046108944687430375,8.029744287455703,1.9029945542717903,0.832480641562557
2026-01-30,"NVL,VHM,GEE,VRE,VCG",5,-0.06997627718777615,-0.027211805132979962,0.38951361179351807,0.004,-0.07397627718777615,7.397876398261964,1.6882418244503756,0.7826155354343987
2026-02-02,"DGW,VHC,GEE,PGV,VCG",5,-0.05991356065419804,-0.02690630168563496,0.4189274311065674,0.004,-0.06391356065419804,6.894729721308237,1.5164267175502144,0.7346519440485009
2026-02-03,"GEE,DGW,DPR,VJC,VRE",5,-0.07567038890367221,-0.03616071904922135,0.4326324462890625,0.004,-0.07967038890367222,6.2973324530074635,1.3159420223153977,0.6719256824515774
2026-02-04,"VOS,CTI,VJC,MIG,TV1",5,-0.042954113502058286,-0.02560183551893988,0.40124407410621643,0.004,-0.04695411350205829,5.983882006558728,1.2071990177354142,0.6291213161295608
2026-02-05,"VHM,VJC,NVL,ITD",4,0.04137330162440381,-0.014550025806237432,0.40596312284469604,0.004,0.037373301624403804,6.272828263325328,1.2896893323703273,0.6054175589383841
2026-02-06,"GEE,BCM,VOS,VHC",4,0.012716194848149454,0.017027019725510732,0.37932538986206055,0.004,0.008716194848149453,6.3653109646189,1.3096467107329968,0.6327530353821091
2026-02-09,"GEE,BCM,DST",3,0.07407709165007585,0.036053020387163986,0.38414105772972107,0.004,0.07007709165007585,6.910911779976284,1.4715000349603296,0.6916187138539442
2026-02-10,"GEE,VHM,DST,BCM,VJC",5,0.07565551718567379,0.044901368684972416,0.3952941596508026,0.004,0.07165551718567378,7.5094159021006295,1.648596648189823,0.767574709399099
2026-02-11,"VVS,GEE,BCM,VOS,DST",5,0.06831120973140799,0.028686256962468622,0.39414530992507935,0.004,0.06431120973140798,8.090704396480804,1.8189311027254633,0.8182798117132823
2026-02-12,"PC1,VOS,BCM,DGW",4,0.08341864397169912,0.03222602794317329,0.36767229437828064,0.004,0.07941864397169912,8.849038629982797,2.042806788353566,0.8768757477340623
2026-02-13,"GEE,VOS,OIL,BCM,PC1",5,0.11610260725166337,0.02394387597685509,0.38215574622154236,0.004,0.11210260725166336,9.992537693846149,2.383913362691061,0.9218154278617738
2026-02-23,"VOS,DGW",2,0.03051026987197203,-0.0036298808413137216,0.3548881411552429,0.004,0.02651026987197203,10.32792298546322,2.4736218191593737,0.9148394668596371
2026-02-24,"DGC,VOS",2,0.08194890034763497,-0.014657227992770788,0.41133251786231995,0.004,0.07794890034763496,11.25623381734463,2.7443868201863983,0.8867732282243197
2026-02-25,,0,0.0,-0.021986206425956188,0.0,0.0,0.0,11.25623381734463,2.7443868201863983,0.845290242549612
2026-02-26,"GEE,VOS,DGW,DPR",4,-0.010128634398377329,-0.032687080034753305,0.3681911826133728,0.004,-0.014128634398377329,11.132094905907717,2.691483747757882,0.7849730927040435
2026-02-27,"PC1,VOS",2,-0.012063599750166965,-0.04078308064943876,0.40871763229370117,0.004,-0.016063599750166965,10.985738168831807,2.6321852303496533,0.7121763911072163
2026-03-02,"VOS,POW,CSV,DPR,NVL",5,-0.12300608241162073,-0.09208437396375967,0.4280558228492737,0.004,-0.12700608241162073,9.511419471872374,2.170875613649594,0.5545117000165789
2026-03-03,"PVT,DGW,CST,DPR,NVL",5,-0.07845380110754188,-0.07068094588085504,0.3906128406524658,0.004,-0.08245380110754189,8.686758659268156,1.9094248664649758,0.4446373426765511
2026-03-04,"PVT,VCI,GEE",3,-0.07086332904887267,-0.04116203850105724,0.41068729758262634,0.004,-0.07486332904887268,8.00032269297942,1.6916156353438359,0.38517312475723386
2026-03-05,"DGW,GEE,VJC",3,-0.045123794565198994,-0.035712778058825036,0.3623468577861786,0.004,-0.049123794565199,7.5941939807609184,1.5593932618247277,0.33570474437972964
2026-03-06,"PVT,DPR,PC1,VRE",4,-0.08040685774147485,-0.023602350175244705,0.3900880813598633,0.004,-0.08440685774147486,6.903161847947236,1.3433629188693987,0.3041789732721436
2026-03-09,"POS,CSC,GDA,DRI,ACV",5,0.08110183051715314,0.033310041009487326,0.4508213996887207,0.004,0.07710183051715314,7.544122740689083,1.5240404894802482,0.34762122835554976
2026-03-10,"DGC,NLG,VCK,GEE,VOS",5,0.06507987615778407,0.027043335269003148,0.4197358191013336,0.004,0.06107987615778407,8.100173190530034,1.678208569994934,0.38406540104959475
2026-03-11,"GEE,DGW,ANV,VCG,FRT",5,0.012087582473892744,-0.004966570615465899,0.44281214475631714,0.004,0.008087582473892744,8.210172284497276,1.6998688026870545,0.3771913424988589
2026-03-12,"VCG,GEE,NVL,SHS,VOS",5,0.02528843961419851,-0.006194316706973318,0.40130263566970825,0.004,0.02128843961419851,8.44308317015015,1.7573447966593165,0.3686605831573191
2026-03-13,"NVL,SHS,DRI,DGW,FCN",5,-0.02875832785442014,-0.016709501814781896,0.3851745128631592,0.004,-0.032758327854420136,8.171515888386415,1.667018791802671,0.34579094665923127
2026-03-16,"VCK,NVL,OIL,VCC,ELC",5,-0.08006622788371458,-0.05073465395432658,0.417481005191803,0.004,-0.08406622788371458,7.43718720722776,1.4428125822808386,0.27751270868560973
2026-03-17,"VCK,OIL,ONE,VOS,VCG",5,-0.0901473481623128,-0.037848468413693874,0.4091174006462097,0.004,-0.09414734816231281,6.676597154547188,1.2128282556015662,0.2291608092828299
2026-03-18,"PVT,GEE,VOS",3,-0.07750089740344612,-0.014741012939149322,0.3893143832683563,0.004,-0.08150089740344613,6.08165398606504,1.0324807669703362,0.21104173388889635
2026-03-19,"NVL,OIL,VOS,NLG",4,-0.03529418223662836,-0.009729315495567348,0.3904544711112976,0.004,-0.03929418223662837,5.831712799744114,0.9526160973205615,0.1992591267815924
2026-03-20,"OIL,PVT,VOS,NVL,HDG",5,0.016387336951742125,0.01746986068636427,0.40207090973854065,0.004,0.012387336951742125,5.943666379351051,0.9768038108554671,0.22021001665331785
2026-03-23,"OIL,VOS,SHS,PVT,NVL",5,0.07176303043331522,0.04672192942044895,0.4207890033721924,0.004,0.06776303043331522,6.441964921051208,1.1107580276511597,0.2772205829295189
2026-03-24,"OIL,VOS,NLG,DGC,SHS",5,0.024854430445919774,0.029231942822250022,0.431989848613739,0.004,0.020854430445919774,6.62693072056245,1.1547766841269773,0.31455622198111555
2026-03-25,"DGC,VOS,VCG,PC1,OIL",5,-0.019118899180996695,0.011861116164676914,0.43426570296287537,0.004,-0.023118899180996695,6.48111220105557,1.1049606192090833,0.3301483260350324
2026-03-26,"DGC,OIL,NVL,VOS,FCN",5,0.0009536869856039409,0.010749154131109582,0.3957473039627075,0.004,-0.003046313014396059,6.48824684039956,1.0985482502799955,0.3444462954088203
2026-03-27,"DGC,OIL,VOS,SHS,HDG",5,-0.002921654016673436,-0.012122072499328444,0.4057129919528961,0.004,-0.006921654016673436,6.466368773940465,1.0840228253542619,0.32814881994442113
2026-03-30,"DGC,GEE,NVL,VOS,FCN",5,0.033419265866021175,-0.015588340874992796,0.4187556803226471,0.004,0.029419265866021175,6.715889337050539,1.1453332469242157,0.30744518340640803
2026-03-31,"GEE,DGC,PVT,NVL,FCN",5,0.0019580982770241785,-0.017951844068107035,0.4234761595726013,0.004,-0.0020419017229758216,6.730997806667127,1.1409526872709637,0.2839741313462987
2026-04-01,"DGC,VRE,VVS,VJC,OIL",5,-0.018315113731820643,0.007318596187055111,0.4335537850856781,0.004,-0.022315113731820643,6.589403702577563,1.093177084560065,0.2933710195282473
2026-04-02,"DGC,VHM,HDG,ELC,VCI",5,-0.0032997818126724978,0.008000650350256325,0.4145233631134033,0.004,-0.007299781812672498,6.564360326270768,1.0778973485474905,0.3037188288286474
2026-04-03,"DGC,OIL,SHS,NVL,PC1",5,0.04414321413847453,0.026877926489866914,0.3980591297149658,0.004,0.040143214138474534,6.89827550397392,1.161310826768001,0.3387600876733592
2026-04-06,"NVL,TV1,SHS,PC1",4,0.08532752833056034,0.04413756601271868,0.3674345016479492,0.004,0.08132752833056034,7.5722158308018255,1.3370848942631226,0.3978496994182352
2026-04-07,"DGC,NVL,PVT,SHS",4,0.07396188705051854,0.041420565448354284,0.38626807928085327,0.004,0.06996188705051853,8.206233089852256,1.5005917636630324,0.4557494243799507
2026-04-08,"NVL,VRE,VCI,STB,SHS",5,0.016122955140220708,0.00280310337947653,0.42603611946105957,0.004,0.012122955140220708,8.35466477297036,1.5309063254379245,0.4598300405111011
2026-04-09,NVL,1,0.017964071856287456,-0.0006920049140633261,0.4003349542617798,0.004,0.013964071856287456,8.52271264314348,1.566248083227872,0.4588198309493703
2026-04-10,"VVS,OIL,GEE,SHS",4,0.022026141887313416,-0.0007047359153897547,0.3939557671546936,0.004,0.018026141887313416,8.732461262973471,1.6125076352941834,0.45779174822041746
2026-04-13,"VVS,NVL,DGC,SHS,VCG",5,0.028838657026693592,0.003909322922715977,0.3758481740951538,0.004,0.024838657026693592,9.013132375361945,1.6773988164268738,0.46349072691828197
2026-04-14,"VVS,SHS,DGC,OIL",4,0.025355374783650658,-0.00444318198798622,0.3824976980686188,0.004,0.021355374783650658,9.267019099497553,1.7345756715969722,0.4569881712808539
2026-04-15,"SHS,NVL,VJC,OIL,PVT",5,0.011372032956732392,-0.005272955223656787,0.38822880387306213,0.004,0.007372032956732392,9.38377597906444,1.7547350535706636,0.44930553789229233
2026-04-16,"DGC,SHS,TMT,OIL,VRE",5,-0.018652760853905704,-0.006301525403532452,0.3704923987388611,0.004,-0.022652760853905704,9.19008988896642,1.6923326991862564,0.4401727022277837
2026-04-17,"DCL,TMT,NVL,DGC,VBB",5,0.02333520805088305,-0.008073849432800352,0.39715665578842163,0.004,0.01933520805088305,9.427877756582653,1.7443895120672184,0.4285449646727675
2026-04-20,"GEE,DCL,VRE",3,-0.006174707216212568,-0.019277578056317444,0.39865371584892273,0.004,-0.010174707216212567,9.3634886645493,1.7164661522946898,0.40100607760932894
2026-04-21,"DCL,VBB,VRE,NVL",4,0.06869861744647668,-0.010072568324410943,0.37179988622665405,0.004,0.06469861744647668,10.07544600772607,1.8922177566883067,0.38689434816969404
2026-04-22,"DCL,VRE,NVL",3,0.059863211172059394,-0.012195508007026347,0.36859098076820374,0.004,0.05586321117205939,10.738457770911317,2.0537863279857653,0.36998046704169085
2026-04-23,"PVT,DCL,NVL",3,-0.02322330447330445,-0.010614515388875475,0.3867665231227875,0.004,-0.02722330447330445,10.465851992050418,1.9706521729825943,0.35543878829181796
2026-04-24,,0,0.0,-0.0010654218701806068,0.0,0.0,0.0,10.465851992050418,1.9706521729825943,0.3539946741630806
2026-04-28,VRE,1,0.18506493506493493,0.00827014481949352,0.4460426867008209,0.004,0.18106493506493493,12.587779146423383,2.5085331157841955,0.3651924062032321
2026-04-29,"PC1,VRE",2,0.01864315520258447,0.0008371985910938473,0.389021098613739,0.004,0.014643155202584471,12.841098221908595,2.559909110732031,0.36633534336227735
2026-05-04,"NAB,VRE,DCL,PVT",4,0.01670276311847274,-0.007511641968781026,0.38144198060035706,0.004,0.012702763118472741,13.07228280680865,2.605129792888953,0.3560719214536483
2026-05-05,"PC1,PVT,GEE,NAB",4,0.028408227245665968,-0.00233982093071865,0.40461355447769165,0.004,0.024408227245665968,13.47205141464975,2.6931246201239074,0.35289895598827115
2026-05-06,"PC1,GEE,NAB,VRE",4,-0.009732444754668584,-0.010995108852818966,0.3922885060310364,0.004,-0.013732444754668584,13.331202973769948,2.6424089903059493,0.3380236847003151
2026-05-07,"GEE,STB,VHM,NAB",4,0.00360408916015334,-0.004648691527862635,0.4096450209617615,0.004,-0.0003959108398466603,13.38285390705967,2.6409669211035323,0.3318036253331691
2026-05-08,VRE,1,-0.05292479108635095,-0.00487630550936781,0.3578019142150879,0.004,-0.056924791086350957,12.62164436880303,2.4337056397673993,0.32530934397756095
2026-05-11,"PC1,VRE,PVT",3,0.015345729867968894,0.0050416686804910845,0.38278451561927795,0.004,0.011345729867968894,12.83067844364422,2.4726635364023215,0.33199111458905484
2026-05-12,"PC1,PVT",2,0.04173593115924312,-0.003359268772476364,0.3792739808559418,0.004,0.03773593115924312,13.407914687053784,2.603707728551213,0.32751659843259984
2026-05-13,PC1,1,0.046831955922865154,-0.012445214995538861,0.42681294679641724,0.004,0.04283195592286515,14.08266551261829,2.758061579139407,0.3109953689549596
2026-05-14,PC1,1,0.12465373961218829,-0.017246936814634236,0.3867233395576477,0.004,0.12065373961218828,15.962776172085942,3.211485762355462,0.2883847146623153
2026-05-15,PVT,1,-0.0852390852390853,-0.01681021879368377,0.35725685954093933,0.004,-0.0892390852390853,14.516884648061984,2.835656625425429,0.2667266857184041
2026-05-18,PVT,1,-0.11857707509881421,-0.012080002836964443,0.3617759048938751,0.004,-0.12257707509881421,12.6769378518491,2.365493055197392,0.2514246237612672
2026-05-19,"PC1,CTR,GEE,VRE",4,-0.03511209124087461,-0.005781948619147461,0.3913230895996094,0.004,-0.039112091240874614,12.196711962099203,2.2338615837519815,0.2441889508859436
2026-05-20,,0,0.0,-0.00561456709184927,0.0,0.0,0.0,12.196711962099203,2.2338615837519815,0.2372033685462569
